file,bytes,sha256,rows,columns,schema_signature,is_dns,is_official_train,is_official_validation,is_official_test,is_2021may_supplement,evil_events,processes,evil_processes,unique_hosts,first_timestamp,last_timestamp,column_names
labelled_2021may-ip-10-100-1-105-dns.csv,40348,422b8f64c7f6e2c488d3219a812dabb074769e9d13def16c23dbeda8ee5baa4b,269,15,868779afff2348c4,True,False,False,False,True,4,,,,,,Timestamp|SourceIP|DestinationIP|DnsQuery|DnsAnswer|DnsAnswerTTL|DnsQueryNames|DnsQueryClass|DnsQueryType|NumberOfAnswers|DnsResponseCode|DnsOpCode|SensorId|sus|evil
labelled_2021may-ip-10-100-1-105.csv,99560489,528ad1f4813a9fbb839f3c4b37f7b1a861f0e33d998fb46e6d59caef119fb597,409931,13,506593ce9ad005f0,False,False,False,False,True,5611,599.0,23.0,1.0,126.233165,18696.955825,timestamp|processId|parentProcessId|userId|processName|hostName|eventId|eventName|argsNum|returnValue|args|sus|evil
labelled_2021may-ip-10-100-1-186-dns.csv,40348,422b8f64c7f6e2c488d3219a812dabb074769e9d13def16c23dbeda8ee5baa4b,269,15,868779afff2348c4,True,False,False,False,True,4,,,,,,Timestamp|SourceIP|DestinationIP|DnsQuery|DnsAnswer|DnsAnswerTTL|DnsQueryNames|DnsQueryClass|DnsQueryType|NumberOfAnswers|DnsResponseCode|DnsOpCode|SensorId|sus|evil
labelled_2021may-ip-10-100-1-186.csv,168847145,959ad652a95805ddcd051a440b2b83ef0c8180b9a0e5fd025ca293c39c2236b1,713867,13,506593ce9ad005f0,False,False,False,False,True,0,1505.0,0.0,1.0,124.95282,16026.619387,timestamp|processId|parentProcessId|userId|processName|hostName|eventId|eventName|argsNum|returnValue|args|sus|evil
labelled_2021may-ip-10-100-1-26-dns.csv,40348,422b8f64c7f6e2c488d3219a812dabb074769e9d13def16c23dbeda8ee5baa4b,269,15,868779afff2348c4,True,False,False,False,True,4,,,,,,Timestamp|SourceIP|DestinationIP|DnsQuery|DnsAnswer|DnsAnswerTTL|DnsQueryNames|DnsQueryClass|DnsQueryType|NumberOfAnswers|DnsResponseCode|DnsOpCode|SensorId|sus|evil
labelled_2021may-ip-10-100-1-26.csv,89492147,1f2bdd7bbd53322c1ae7aebfcc1ba3a5c490f82381e4732f6fd71a786a096a3b,378424,13,506593ce9ad005f0,False,False,False,False,True,0,449.0,0.0,1.0,124.440464,18887.205309,timestamp|processId|parentProcessId|userId|processName|hostName|eventId|eventName|argsNum|returnValue|args|sus|evil
labelled_2021may-ip-10-100-1-4-dns.csv,40348,422b8f64c7f6e2c488d3219a812dabb074769e9d13def16c23dbeda8ee5baa4b,269,15,868779afff2348c4,True,False,False,False,True,4,,,,,,Timestamp|SourceIP|DestinationIP|DnsQuery|DnsAnswer|DnsAnswerTTL|DnsQueryNames|DnsQueryClass|DnsQueryType|NumberOfAnswers|DnsResponseCode|DnsOpCode|SensorId|sus|evil
labelled_2021may-ip-10-100-1-4.csv,114987833,9b24c4100db5c3564116cfbff16f0c059d3c39add8fa7ca3e35ea9f84751df62,485241,13,506593ce9ad005f0,False,False,False,False,True,4394,809.0,6.0,1.0,131.874057,16350.99039,timestamp|processId|parentProcessId|userId|processName|hostName|eventId|eventName|argsNum|returnValue|args|sus|evil
labelled_2021may-ip-10-100-1-95-dns.csv,40348,422b8f64c7f6e2c488d3219a812dabb074769e9d13def16c23dbeda8ee5baa4b,269,15,868779afff2348c4,True,False,False,False,True,4,,,,,,Timestamp|SourceIP|DestinationIP|DnsQuery|DnsAnswer|DnsAnswerTTL|DnsQueryNames|DnsQueryClass|DnsQueryType|NumberOfAnswers|DnsResponseCode|DnsOpCode|SensorId|sus|evil
labelled_2021may-ip-10-100-1-95.csv,113730455,34ae08f66e6bd2fb6a6dbaa68196f2598d80efcfed0d6cf3f7e9b7062aadd420,479433,13,506593ce9ad005f0,False,False,False,False,True,0,1124.0,0.0,1.0,125.462475,17251.527416,timestamp|processId|parentProcessId|userId|processName|hostName|eventId|eventName|argsNum|returnValue|args|sus|evil
labelled_2021may-ubuntu-dns.csv,40348,422b8f64c7f6e2c488d3219a812dabb074769e9d13def16c23dbeda8ee5baa4b,269,15,868779afff2348c4,True,False,False,False,True,4,,,,,,Timestamp|SourceIP|DestinationIP|DnsQuery|DnsAnswer|DnsAnswerTTL|DnsQueryNames|DnsQueryClass|DnsQueryType|NumberOfAnswers|DnsResponseCode|DnsOpCode|SensorId|sus|evil
labelled_2021may-ubuntu.csv,41272813,9d12e29b80b586278f802f46e832ce87d6a64e98966e54ee25f7fd9c91913de4,199222,13,506593ce9ad005f0,False,False,False,False,True,0,298.0,0.0,1.0,123.745986,18881.747393,timestamp|processId|parentProcessId|userId|processName|hostName|eventId|eventName|argsNum|returnValue|args|sus|evil
labelled_testing_data.csv,57289002,e56aad64df13b9dde7be2d333f1f6b7da7f41596cb9b4105deb0fd051900706b,188967,16,bd159125d0322f76,False,False,False,True,False,158432,198.0,121.0,1.0,129.050634,496.629091,timestamp|processId|threadId|parentProcessId|userId|mountNamespace|processName|hostName|eventId|eventName|stackAddresses|argsNum|returnValue|args|sus|evil
labelled_training_data.csv,197348537,18ceb80a7eb4b71296df13e3967e074a81ed5b80c2212b044c061ac81a1797e2,763144,16,bd159125d0322f76,False,True,False,False,False,0,1179.0,0.0,8.0,132.560721,3954.587643,timestamp|processId|threadId|parentProcessId|userId|mountNamespace|processName|hostName|eventId|eventName|stackAddresses|argsNum|returnValue|args|sus|evil
labelled_validation_data.csv,45417796,5a08ec47060af1cb8bb24ba632b5db0c2b1ac783aedc72693247b87c1170192e,188967,16,bd159125d0322f76,False,False,True,False,False,0,244.0,0.0,4.0,124.439221,778.146811,timestamp|processId|threadId|parentProcessId|userId|mountNamespace|processName|hostName|eventId|eventName|stackAddresses|argsNum|returnValue|args|sus|evil
