Model,bin,lower,upper,count,mean_score,empirical_positive_rate,absolute_gap
TabRF,1,0.0,0.1,137,0.01826619783023495,0.45985401459854014,0.44158781676830516
TabRF,2,0.1,0.2,15,0.1412814381592565,0.9333333333333333,0.7920518951740768
TabRF,3,0.2,0.30000000000000004,18,0.2514017427310764,1.0,0.7485982572689236
TabRF,4,0.30000000000000004,0.4,8,0.3562029211524517,0.875,0.5187970788475482
TabRF,5,0.4,0.5,6,0.4369750363291376,1.0,0.5630249636708624
TabRF,6,0.5,0.6000000000000001,7,0.5441439359896656,1.0,0.4558560640103344
TabRF,7,0.6000000000000001,0.7000000000000001,3,0.648445842515863,0.6666666666666666,0.018220824150803616
TabRF,8,0.7000000000000001,0.8,0,,,
TabRF,9,0.8,0.9,4,0.8473845584088188,1.0,0.15261544159118123
TabRF,10,0.9,1.0,0,,,
ScoreRF,1,0.0,0.1,148,0.014590633829010729,0.5878378378378378,0.5732472040088271
ScoreRF,2,0.1,0.2,19,0.14015712346362208,0.5789473684210527,0.4387902449574306
ScoreRF,3,0.2,0.30000000000000004,18,0.22816145448572359,0.6666666666666666,0.43850521218094307
ScoreRF,4,0.30000000000000004,0.4,5,0.34245929686877563,1.0,0.6575407031312244
ScoreRF,5,0.4,0.5,1,0.4028501068015794,0.0,0.4028501068015794
ScoreRF,6,0.5,0.6000000000000001,2,0.5191404395329717,0.5,0.01914043953297173
ScoreRF,7,0.6000000000000001,0.7000000000000001,2,0.6472132027214043,1.0,0.35278679727859574
ScoreRF,8,0.7000000000000001,0.8,2,0.7610952387958743,1.0,0.23890476120412574
ScoreRF,9,0.8,0.9,1,0.8559670455099347,1.0,0.14403295449006526
ScoreRF,10,0.9,1.0,0,,,
MetaRF,1,0.0,0.1,143,0.013363152059960791,0.5034965034965035,0.49013335143654274
MetaRF,2,0.1,0.2,22,0.15417653704986145,0.8181818181818182,0.6640052811319568
MetaRF,3,0.2,0.30000000000000004,13,0.24158656843851964,1.0,0.7584134315614803
MetaRF,4,0.30000000000000004,0.4,4,0.3416145029652453,0.75,0.4083854970347547
MetaRF,5,0.4,0.5,2,0.46484450028114455,1.0,0.5351554997188555
MetaRF,6,0.5,0.6000000000000001,7,0.5432041800847524,1.0,0.45679581991524765
MetaRF,7,0.6000000000000001,0.7000000000000001,3,0.6376892668932009,0.6666666666666666,0.028977399773465695
MetaRF,8,0.7000000000000001,0.8,0,,,
MetaRF,9,0.8,0.9,4,0.848085981255233,1.0,0.15191401874476695
MetaRF,10,0.9,1.0,0,,,
ExtraTrees,1,0.0,0.1,143,0.01094064182392816,0.48951048951048953,0.47856984768656136
ExtraTrees,2,0.1,0.2,8,0.16077674173879908,0.75,0.5892232582612009
ExtraTrees,3,0.2,0.30000000000000004,6,0.26413454931387875,1.0,0.7358654506861213
ExtraTrees,4,0.30000000000000004,0.4,12,0.34662076722408286,0.9166666666666666,0.5700458994425838
ExtraTrees,5,0.4,0.5,6,0.43600589536925155,1.0,0.5639941046307484
ExtraTrees,6,0.5,0.6000000000000001,2,0.5409111636922463,1.0,0.45908883630775366
ExtraTrees,7,0.6000000000000001,0.7000000000000001,3,0.6651457505799452,1.0,0.3348542494200548
ExtraTrees,8,0.7000000000000001,0.8,2,0.7596311709221633,1.0,0.24036882907783674
ExtraTrees,9,0.8,0.9,1,0.884357880141883,1.0,0.11564211985811701
ExtraTrees,10,0.9,1.0,15,0.9621886844333896,0.9333333333333333,0.028855351100056215
GradientBoosting,1,0.0,0.1,168,0.005066820784632341,0.5476190476190477,0.5425522268344153
GradientBoosting,2,0.1,0.2,0,,,
GradientBoosting,3,0.2,0.30000000000000004,12,0.23320433500889917,1.0,0.7667956649911009
GradientBoosting,4,0.30000000000000004,0.4,2,0.3310893995654714,1.0,0.6689106004345287
GradientBoosting,5,0.4,0.5,1,0.4693397936025797,1.0,0.5306602063974203
GradientBoosting,6,0.5,0.6000000000000001,2,0.5255259554813516,1.0,0.4744740445186484
GradientBoosting,7,0.6000000000000001,0.7000000000000001,2,0.6888735997234626,1.0,0.3111264002765374
GradientBoosting,8,0.7000000000000001,0.8,0,,,
GradientBoosting,9,0.8,0.9,2,0.8538154240214306,1.0,0.14618457597856938
GradientBoosting,10,0.9,1.0,9,0.9690605627735253,0.8888888888888888,0.08017167388463642
HistGradientBoosting,1,0.0,0.1,168,0.0017405896883515713,0.5476190476190477,0.5458784579306961
HistGradientBoosting,2,0.1,0.2,5,0.1527826701079583,1.0,0.8472173298920417
HistGradientBoosting,3,0.2,0.30000000000000004,3,0.2391320300117504,1.0,0.7608679699882496
HistGradientBoosting,4,0.30000000000000004,0.4,0,,,
HistGradientBoosting,5,0.4,0.5,3,0.43909996199138684,1.0,0.5609000380086131
HistGradientBoosting,6,0.5,0.6000000000000001,0,,,
HistGradientBoosting,7,0.6000000000000001,0.7000000000000001,0,,,
HistGradientBoosting,8,0.7000000000000001,0.8,1,0.790085313699839,1.0,0.20991468630016097
HistGradientBoosting,9,0.8,0.9,1,0.8823315502865229,1.0,0.11766844971347712
HistGradientBoosting,10,0.9,1.0,17,0.9781166080308473,0.9411764705882353,0.03694013744261204
MLP,1,0.0,0.1,110,0.00547339212492009,0.41818181818181815,0.41270842605689806
MLP,2,0.1,0.2,6,0.11804366360108054,0.0,0.11804366360108054
MLP,3,0.2,0.30000000000000004,3,0.2428190211455027,0.6666666666666666,0.42384764552116394
MLP,4,0.30000000000000004,0.4,2,0.37789042294025416,1.0,0.6221095770597458
MLP,5,0.4,0.5,3,0.4570796291033427,1.0,0.5429203708966572
MLP,6,0.5,0.6000000000000001,1,0.526650071144104,1.0,0.473349928855896
MLP,7,0.6000000000000001,0.7000000000000001,1,0.6498969197273254,1.0,0.35010308027267456
MLP,8,0.7000000000000001,0.8,1,0.7188315391540527,0.0,0.7188315391540527
MLP,9,0.8,0.9,4,0.8655981123447418,0.75,0.11559811234474182
MLP,10,0.9,1.0,67,0.9847107093725631,0.9402985074626866,0.04441220190987649
LogReg,1,0.0,0.1,118,0.012400304865071226,0.4322033898305085,0.4198030849654373
LogReg,2,0.1,0.2,5,0.15920994291970306,0.6,0.44079005708029695
LogReg,3,0.2,0.30000000000000004,12,0.23894894823576862,0.8333333333333334,0.5943843850975647
LogReg,4,0.30000000000000004,0.4,6,0.3534431829395202,0.6666666666666666,0.3132234837271464
LogReg,5,0.4,0.5,10,0.42281131781983133,1.0,0.5771886821801686
LogReg,6,0.5,0.6000000000000001,3,0.5462430205809049,1.0,0.4537569794190951
LogReg,7,0.6000000000000001,0.7000000000000001,3,0.6558890181764655,1.0,0.3441109818235345
LogReg,8,0.7000000000000001,0.8,12,0.7438386161817001,0.9166666666666666,0.17282805048496652
LogReg,9,0.8,0.9,15,0.8507582660519122,0.9333333333333333,0.08257506728142117
LogReg,10,0.9,1.0,14,0.973113719516986,0.8571428571428571,0.1159708623741289
XGBoost,1,0.0,0.1,81,0.030131732303373196,0.48148148148148145,0.4513497491781083
XGBoost,2,0.1,0.2,17,0.15255646933527547,0.47058823529411764,0.3180317659588422
XGBoost,3,0.2,0.30000000000000004,22,0.2477168081836267,0.6363636363636364,0.3886468281800096
XGBoost,4,0.30000000000000004,0.4,13,0.36296327526752764,0.5384615384615384,0.1754982631940108
XGBoost,5,0.4,0.5,4,0.4412844181060791,0.5,0.0587155818939209
XGBoost,6,0.5,0.6000000000000001,10,0.5304912984371185,0.4,0.13049129843711849
XGBoost,7,0.6000000000000001,0.7000000000000001,5,0.646251106262207,1.0,0.35374889373779295
XGBoost,8,0.7000000000000001,0.8,2,0.7653584480285645,0.5,0.26535844802856445
XGBoost,9,0.8,0.9,22,0.8597797074101188,0.9545454545454546,0.09476574713533581
XGBoost,10,0.9,1.0,22,0.9396632286635312,0.9090909090909091,0.030572319572622186
