Model,Family,Candidate,Fold,AP,Params
TabRF,RF,1,1,0.7666666666666666,"{""max_depth"":null,""max_features"":""sqrt"",""min_samples_leaf"":2,""n_estimators"":350}"
TabRF,RF,1,2,0.573009758602979,"{""max_depth"":null,""max_features"":""sqrt"",""min_samples_leaf"":2,""n_estimators"":350}"
TabRF,RF,1,3,0.09863778689998202,"{""max_depth"":null,""max_features"":""sqrt"",""min_samples_leaf"":2,""n_estimators"":350}"
TabRF,RF,1,4,0.6542424242424243,"{""max_depth"":null,""max_features"":""sqrt"",""min_samples_leaf"":2,""n_estimators"":350}"
TabRF,RF,2,1,0.5557142857142856,"{""max_depth"":null,""max_features"":0.5,""min_samples_leaf"":1,""n_estimators"":500}"
TabRF,RF,2,2,0.5526143790849674,"{""max_depth"":null,""max_features"":0.5,""min_samples_leaf"":1,""n_estimators"":500}"
TabRF,RF,2,3,0.1395021645021645,"{""max_depth"":null,""max_features"":0.5,""min_samples_leaf"":1,""n_estimators"":500}"
TabRF,RF,2,4,0.46977443609022557,"{""max_depth"":null,""max_features"":0.5,""min_samples_leaf"":1,""n_estimators"":500}"
TabRF,RF,3,1,0.49564102564102563,"{""max_depth"":null,""max_features"":0.5,""min_samples_leaf"":2,""n_estimators"":500}"
TabRF,RF,3,2,0.5382587064676616,"{""max_depth"":null,""max_features"":0.5,""min_samples_leaf"":2,""n_estimators"":500}"
TabRF,RF,3,3,0.12152777777777778,"{""max_depth"":null,""max_features"":0.5,""min_samples_leaf"":2,""n_estimators"":500}"
TabRF,RF,3,4,0.5326315789473683,"{""max_depth"":null,""max_features"":0.5,""min_samples_leaf"":2,""n_estimators"":500}"
TabRF,RF,4,1,0.607816091954023,"{""max_depth"":null,""max_features"":null,""min_samples_leaf"":1,""n_estimators"":500}"
TabRF,RF,4,2,0.5459288773242262,"{""max_depth"":null,""max_features"":null,""min_samples_leaf"":1,""n_estimators"":500}"
TabRF,RF,4,3,0.16208999728923829,"{""max_depth"":null,""max_features"":null,""min_samples_leaf"":1,""n_estimators"":500}"
TabRF,RF,4,4,0.3996110170023214,"{""max_depth"":null,""max_features"":null,""min_samples_leaf"":1,""n_estimators"":500}"
TabRF,RF,5,1,0.67008547008547,"{""max_depth"":null,""max_features"":null,""min_samples_leaf"":2,""n_estimators"":350}"
TabRF,RF,5,2,0.5168468468468468,"{""max_depth"":null,""max_features"":null,""min_samples_leaf"":2,""n_estimators"":350}"
TabRF,RF,5,3,0.14724773308532899,"{""max_depth"":null,""max_features"":null,""min_samples_leaf"":2,""n_estimators"":350}"
TabRF,RF,5,4,0.3836888601594484,"{""max_depth"":null,""max_features"":null,""min_samples_leaf"":2,""n_estimators"":350}"
TabRF,RF,6,1,0.5257575757575758,"{""max_depth"":null,""max_features"":null,""min_samples_leaf"":4,""n_estimators"":500}"
TabRF,RF,6,2,0.49940570756104735,"{""max_depth"":null,""max_features"":null,""min_samples_leaf"":4,""n_estimators"":500}"
TabRF,RF,6,3,0.10359713129091909,"{""max_depth"":null,""max_features"":null,""min_samples_leaf"":4,""n_estimators"":500}"
TabRF,RF,6,4,0.3820858801368546,"{""max_depth"":null,""max_features"":null,""min_samples_leaf"":4,""n_estimators"":500}"
TabRF,RF,7,1,0.22985693551731284,"{""max_depth"":8,""max_features"":""sqrt"",""min_samples_leaf"":1,""n_estimators"":350}"
TabRF,RF,7,2,0.5049275362318841,"{""max_depth"":8,""max_features"":""sqrt"",""min_samples_leaf"":1,""n_estimators"":350}"
TabRF,RF,7,3,0.07276139558886655,"{""max_depth"":8,""max_features"":""sqrt"",""min_samples_leaf"":1,""n_estimators"":350}"
TabRF,RF,7,4,0.5709090909090908,"{""max_depth"":8,""max_features"":""sqrt"",""min_samples_leaf"":1,""n_estimators"":350}"
TabRF,RF,8,1,0.265079365079365,"{""max_depth"":8,""max_features"":""sqrt"",""min_samples_leaf"":2,""n_estimators"":200}"
TabRF,RF,8,2,0.5063596491228071,"{""max_depth"":8,""max_features"":""sqrt"",""min_samples_leaf"":2,""n_estimators"":200}"
TabRF,RF,8,3,0.08202341137123745,"{""max_depth"":8,""max_features"":""sqrt"",""min_samples_leaf"":2,""n_estimators"":200}"
TabRF,RF,8,4,0.5888888888888888,"{""max_depth"":8,""max_features"":""sqrt"",""min_samples_leaf"":2,""n_estimators"":200}"
TabRF,RF,9,1,0.22665456012913637,"{""max_depth"":8,""max_features"":0.5,""min_samples_leaf"":1,""n_estimators"":200}"
TabRF,RF,9,2,0.5061568252957717,"{""max_depth"":8,""max_features"":0.5,""min_samples_leaf"":1,""n_estimators"":200}"
TabRF,RF,9,3,0.14180507238244866,"{""max_depth"":8,""max_features"":0.5,""min_samples_leaf"":1,""n_estimators"":200}"
TabRF,RF,9,4,0.37210084033613444,"{""max_depth"":8,""max_features"":0.5,""min_samples_leaf"":1,""n_estimators"":200}"
TabRF,RF,10,1,0.4073066169617894,"{""max_depth"":8,""max_features"":0.5,""min_samples_leaf"":4,""n_estimators"":350}"
TabRF,RF,10,2,0.47322956613279193,"{""max_depth"":8,""max_features"":0.5,""min_samples_leaf"":4,""n_estimators"":350}"
TabRF,RF,10,3,0.06565619967793881,"{""max_depth"":8,""max_features"":0.5,""min_samples_leaf"":4,""n_estimators"":350}"
TabRF,RF,10,4,0.4159615384615385,"{""max_depth"":8,""max_features"":0.5,""min_samples_leaf"":4,""n_estimators"":350}"
TabRF,RF,11,1,0.5997979797979798,"{""max_depth"":16,""max_features"":""sqrt"",""min_samples_leaf"":1,""n_estimators"":200}"
TabRF,RF,11,2,0.5995388669301713,"{""max_depth"":16,""max_features"":""sqrt"",""min_samples_leaf"":1,""n_estimators"":200}"
TabRF,RF,11,3,0.1501614859990819,"{""max_depth"":16,""max_features"":""sqrt"",""min_samples_leaf"":1,""n_estimators"":200}"
TabRF,RF,11,4,0.5847222222222221,"{""max_depth"":16,""max_features"":""sqrt"",""min_samples_leaf"":1,""n_estimators"":200}"
TabRF,RF,12,1,0.6270270270270271,"{""max_depth"":16,""max_features"":null,""min_samples_leaf"":1,""n_estimators"":200}"
TabRF,RF,12,2,0.5415332729286217,"{""max_depth"":16,""max_features"":null,""min_samples_leaf"":1,""n_estimators"":200}"
TabRF,RF,12,3,0.17085921325051762,"{""max_depth"":16,""max_features"":null,""min_samples_leaf"":1,""n_estimators"":200}"
TabRF,RF,12,4,0.38792191205984305,"{""max_depth"":16,""max_features"":null,""min_samples_leaf"":1,""n_estimators"":200}"
ScoreRF,RF,1,1,0.01621411730970446,"{""max_depth"":null,""max_features"":""sqrt"",""min_samples_leaf"":2,""n_estimators"":350}"
ScoreRF,RF,1,2,0.25269038066107197,"{""max_depth"":null,""max_features"":""sqrt"",""min_samples_leaf"":2,""n_estimators"":350}"
ScoreRF,RF,1,3,0.01263874185307382,"{""max_depth"":null,""max_features"":""sqrt"",""min_samples_leaf"":2,""n_estimators"":350}"
ScoreRF,RF,1,4,0.21093249213603,"{""max_depth"":null,""max_features"":""sqrt"",""min_samples_leaf"":2,""n_estimators"":350}"
ScoreRF,RF,2,1,0.017002869877844086,"{""max_depth"":null,""max_features"":""sqrt"",""min_samples_leaf"":2,""n_estimators"":500}"
ScoreRF,RF,2,2,0.24823023459633534,"{""max_depth"":null,""max_features"":""sqrt"",""min_samples_leaf"":2,""n_estimators"":500}"
ScoreRF,RF,2,3,0.013477153576163477,"{""max_depth"":null,""max_features"":""sqrt"",""min_samples_leaf"":2,""n_estimators"":500}"
ScoreRF,RF,2,4,0.2126786609612485,"{""max_depth"":null,""max_features"":""sqrt"",""min_samples_leaf"":2,""n_estimators"":500}"
ScoreRF,RF,3,1,0.01182262171962163,"{""max_depth"":null,""max_features"":""sqrt"",""min_samples_leaf"":4,""n_estimators"":500}"
ScoreRF,RF,3,2,0.11097458678485496,"{""max_depth"":null,""max_features"":""sqrt"",""min_samples_leaf"":4,""n_estimators"":500}"
ScoreRF,RF,3,3,0.01592180635242836,"{""max_depth"":null,""max_features"":""sqrt"",""min_samples_leaf"":4,""n_estimators"":500}"
ScoreRF,RF,3,4,0.08023236402057363,"{""max_depth"":null,""max_features"":""sqrt"",""min_samples_leaf"":4,""n_estimators"":500}"
ScoreRF,RF,4,1,0.01621411730970446,"{""max_depth"":null,""max_features"":0.5,""min_samples_leaf"":2,""n_estimators"":350}"
ScoreRF,RF,4,2,0.25269038066107197,"{""max_depth"":null,""max_features"":0.5,""min_samples_leaf"":2,""n_estimators"":350}"
ScoreRF,RF,4,3,0.01263874185307382,"{""max_depth"":null,""max_features"":0.5,""min_samples_leaf"":2,""n_estimators"":350}"
ScoreRF,RF,4,4,0.21093249213603,"{""max_depth"":null,""max_features"":0.5,""min_samples_leaf"":2,""n_estimators"":350}"
ScoreRF,RF,5,1,0.039074271947008264,"{""max_depth"":8,""max_features"":""sqrt"",""min_samples_leaf"":1,""n_estimators"":200}"
ScoreRF,RF,5,2,0.07649593056947057,"{""max_depth"":8,""max_features"":""sqrt"",""min_samples_leaf"":1,""n_estimators"":200}"
ScoreRF,RF,5,3,0.022871561591073786,"{""max_depth"":8,""max_features"":""sqrt"",""min_samples_leaf"":1,""n_estimators"":200}"
ScoreRF,RF,5,4,0.09407651410078595,"{""max_depth"":8,""max_features"":""sqrt"",""min_samples_leaf"":1,""n_estimators"":200}"
ScoreRF,RF,6,1,0.029621632464744942,"{""max_depth"":8,""max_features"":""sqrt"",""min_samples_leaf"":4,""n_estimators"":350}"
ScoreRF,RF,6,2,0.06067340067340067,"{""max_depth"":8,""max_features"":""sqrt"",""min_samples_leaf"":4,""n_estimators"":350}"
ScoreRF,RF,6,3,0.015643555484394424,"{""max_depth"":8,""max_features"":""sqrt"",""min_samples_leaf"":4,""n_estimators"":350}"
ScoreRF,RF,6,4,0.08672329031790146,"{""max_depth"":8,""max_features"":""sqrt"",""min_samples_leaf"":4,""n_estimators"":350}"
ScoreRF,RF,7,1,0.029621632464744942,"{""max_depth"":8,""max_features"":0.5,""min_samples_leaf"":4,""n_estimators"":350}"
ScoreRF,RF,7,2,0.06067340067340067,"{""max_depth"":8,""max_features"":0.5,""min_samples_leaf"":4,""n_estimators"":350}"
ScoreRF,RF,7,3,0.015643555484394424,"{""max_depth"":8,""max_features"":0.5,""min_samples_leaf"":4,""n_estimators"":350}"
ScoreRF,RF,7,4,0.08672329031790146,"{""max_depth"":8,""max_features"":0.5,""min_samples_leaf"":4,""n_estimators"":350}"
ScoreRF,RF,8,1,0.016266766892504572,"{""max_depth"":16,""max_features"":""sqrt"",""min_samples_leaf"":2,""n_estimators"":350}"
ScoreRF,RF,8,2,0.25269038066107197,"{""max_depth"":16,""max_features"":""sqrt"",""min_samples_leaf"":2,""n_estimators"":350}"
ScoreRF,RF,8,3,0.012561789178968396,"{""max_depth"":16,""max_features"":""sqrt"",""min_samples_leaf"":2,""n_estimators"":350}"
ScoreRF,RF,8,4,0.21093249213603,"{""max_depth"":16,""max_features"":""sqrt"",""min_samples_leaf"":2,""n_estimators"":350}"
ScoreRF,RF,9,1,0.016791062338436465,"{""max_depth"":16,""max_features"":0.5,""min_samples_leaf"":2,""n_estimators"":200}"
ScoreRF,RF,9,2,0.2457908102630822,"{""max_depth"":16,""max_features"":0.5,""min_samples_leaf"":2,""n_estimators"":200}"
ScoreRF,RF,9,3,0.012388938804033144,"{""max_depth"":16,""max_features"":0.5,""min_samples_leaf"":2,""n_estimators"":200}"
ScoreRF,RF,9,4,0.20524714203470681,"{""max_depth"":16,""max_features"":0.5,""min_samples_leaf"":2,""n_estimators"":200}"
ScoreRF,RF,10,1,0.012108882178319052,"{""max_depth"":16,""max_features"":0.5,""min_samples_leaf"":4,""n_estimators"":350}"
ScoreRF,RF,10,2,0.10225382517800334,"{""max_depth"":16,""max_features"":0.5,""min_samples_leaf"":4,""n_estimators"":350}"
ScoreRF,RF,10,3,0.01518559908390417,"{""max_depth"":16,""max_features"":0.5,""min_samples_leaf"":4,""n_estimators"":350}"
ScoreRF,RF,10,4,0.08074432013375578,"{""max_depth"":16,""max_features"":0.5,""min_samples_leaf"":4,""n_estimators"":350}"
ScoreRF,RF,11,1,0.042402613768405956,"{""max_depth"":16,""max_features"":null,""min_samples_leaf"":2,""n_estimators"":500}"
ScoreRF,RF,11,2,0.11702492413455869,"{""max_depth"":16,""max_features"":null,""min_samples_leaf"":2,""n_estimators"":500}"
ScoreRF,RF,11,3,0.014044168391994478,"{""max_depth"":16,""max_features"":null,""min_samples_leaf"":2,""n_estimators"":500}"
ScoreRF,RF,11,4,0.20687830687830688,"{""max_depth"":16,""max_features"":null,""min_samples_leaf"":2,""n_estimators"":500}"
ScoreRF,RF,12,1,0.01029624735729387,"{""max_depth"":16,""max_features"":null,""min_samples_leaf"":4,""n_estimators"":200}"
ScoreRF,RF,12,2,0.08725591286178801,"{""max_depth"":16,""max_features"":null,""min_samples_leaf"":4,""n_estimators"":200}"
ScoreRF,RF,12,3,0.015722473941652024,"{""max_depth"":16,""max_features"":null,""min_samples_leaf"":4,""n_estimators"":200}"
ScoreRF,RF,12,4,0.07089947089947089,"{""max_depth"":16,""max_features"":null,""min_samples_leaf"":4,""n_estimators"":200}"
MetaRF,RF,1,1,0.6785714285714286,"{""max_depth"":null,""max_features"":""sqrt"",""min_samples_leaf"":4,""n_estimators"":500}"
MetaRF,RF,1,2,0.4676923076923077,"{""max_depth"":null,""max_features"":""sqrt"",""min_samples_leaf"":4,""n_estimators"":500}"
MetaRF,RF,1,3,0.06885261797026503,"{""max_depth"":null,""max_features"":""sqrt"",""min_samples_leaf"":4,""n_estimators"":500}"
MetaRF,RF,1,4,0.5755555555555556,"{""max_depth"":null,""max_features"":""sqrt"",""min_samples_leaf"":4,""n_estimators"":500}"
MetaRF,RF,2,1,0.5456363636363637,"{""max_depth"":null,""max_features"":0.5,""min_samples_leaf"":4,""n_estimators"":350}"
MetaRF,RF,2,2,0.44139041578576466,"{""max_depth"":null,""max_features"":0.5,""min_samples_leaf"":4,""n_estimators"":350}"
MetaRF,RF,2,3,0.0924299217731421,"{""max_depth"":null,""max_features"":0.5,""min_samples_leaf"":4,""n_estimators"":350}"
MetaRF,RF,2,4,0.4994079794079794,"{""max_depth"":null,""max_features"":0.5,""min_samples_leaf"":4,""n_estimators"":350}"
MetaRF,RF,3,1,0.5768115942028985,"{""max_depth"":null,""max_features"":null,""min_samples_leaf"":1,""n_estimators"":500}"
MetaRF,RF,3,2,0.47708604169675956,"{""max_depth"":null,""max_features"":null,""min_samples_leaf"":1,""n_estimators"":500}"
MetaRF,RF,3,3,0.20984405458089667,"{""max_depth"":null,""max_features"":null,""min_samples_leaf"":1,""n_estimators"":500}"
MetaRF,RF,3,4,0.48695652173913045,"{""max_depth"":null,""max_features"":null,""min_samples_leaf"":1,""n_estimators"":500}"
MetaRF,RF,4,1,0.46040100250626564,"{""max_depth"":8,""max_features"":""sqrt"",""min_samples_leaf"":1,""n_estimators"":350}"
MetaRF,RF,4,2,0.44936843504853075,"{""max_depth"":8,""max_features"":""sqrt"",""min_samples_leaf"":1,""n_estimators"":350}"
MetaRF,RF,4,3,0.06455478976631805,"{""max_depth"":8,""max_features"":""sqrt"",""min_samples_leaf"":1,""n_estimators"":350}"
MetaRF,RF,4,4,0.5654761904761905,"{""max_depth"":8,""max_features"":""sqrt"",""min_samples_leaf"":1,""n_estimators"":350}"
MetaRF,RF,5,1,0.4855555555555555,"{""max_depth"":8,""max_features"":""sqrt"",""min_samples_leaf"":2,""n_estimators"":200}"
MetaRF,RF,5,2,0.45161964472309296,"{""max_depth"":8,""max_features"":""sqrt"",""min_samples_leaf"":2,""n_estimators"":200}"
MetaRF,RF,5,3,0.07906565143407249,"{""max_depth"":8,""max_features"":""sqrt"",""min_samples_leaf"":2,""n_estimators"":200}"
MetaRF,RF,5,4,0.5645682001614205,"{""max_depth"":8,""max_features"":""sqrt"",""min_samples_leaf"":2,""n_estimators"":200}"
MetaRF,RF,6,1,0.6333105335157319,"{""max_depth"":8,""max_features"":0.5,""min_samples_leaf"":1,""n_estimators"":350}"
MetaRF,RF,6,2,0.4266335877862596,"{""max_depth"":8,""max_features"":0.5,""min_samples_leaf"":1,""n_estimators"":350}"
MetaRF,RF,6,3,0.09094174036017329,"{""max_depth"":8,""max_features"":0.5,""min_samples_leaf"":1,""n_estimators"":350}"
MetaRF,RF,6,4,0.47500000000000003,"{""max_depth"":8,""max_features"":0.5,""min_samples_leaf"":1,""n_estimators"":350}"
MetaRF,RF,7,1,0.5284848484848486,"{""max_depth"":8,""max_features"":null,""min_samples_leaf"":2,""n_estimators"":200}"
MetaRF,RF,7,2,0.39097503373819165,"{""max_depth"":8,""max_features"":null,""min_samples_leaf"":2,""n_estimators"":200}"
MetaRF,RF,7,3,0.11801945888311341,"{""max_depth"":8,""max_features"":null,""min_samples_leaf"":2,""n_estimators"":200}"
MetaRF,RF,7,4,0.45396825396825397,"{""max_depth"":8,""max_features"":null,""min_samples_leaf"":2,""n_estimators"":200}"
MetaRF,RF,8,1,0.5666666666666667,"{""max_depth"":16,""max_features"":""sqrt"",""min_samples_leaf"":1,""n_estimators"":500}"
MetaRF,RF,8,2,0.5349358974358974,"{""max_depth"":16,""max_features"":""sqrt"",""min_samples_leaf"":1,""n_estimators"":500}"
MetaRF,RF,8,3,0.14661764705882355,"{""max_depth"":16,""max_features"":""sqrt"",""min_samples_leaf"":1,""n_estimators"":500}"
MetaRF,RF,8,4,0.5748538011695907,"{""max_depth"":16,""max_features"":""sqrt"",""min_samples_leaf"":1,""n_estimators"":500}"
MetaRF,RF,9,1,0.42512820512820515,"{""max_depth"":16,""max_features"":0.5,""min_samples_leaf"":1,""n_estimators"":200}"
MetaRF,RF,9,2,0.4829618443571932,"{""max_depth"":16,""max_features"":0.5,""min_samples_leaf"":1,""n_estimators"":200}"
MetaRF,RF,9,3,0.1569139194139194,"{""max_depth"":16,""max_features"":0.5,""min_samples_leaf"":1,""n_estimators"":200}"
MetaRF,RF,9,4,0.5166666666666666,"{""max_depth"":16,""max_features"":0.5,""min_samples_leaf"":1,""n_estimators"":200}"
MetaRF,RF,10,1,0.5578160919540229,"{""max_depth"":16,""max_features"":0.5,""min_samples_leaf"":2,""n_estimators"":350}"
MetaRF,RF,10,2,0.44272374911909795,"{""max_depth"":16,""max_features"":0.5,""min_samples_leaf"":2,""n_estimators"":350}"
MetaRF,RF,10,3,0.13542582417582416,"{""max_depth"":16,""max_features"":0.5,""min_samples_leaf"":2,""n_estimators"":350}"
MetaRF,RF,10,4,0.5294802867383512,"{""max_depth"":16,""max_features"":0.5,""min_samples_leaf"":2,""n_estimators"":350}"
MetaRF,RF,11,1,0.5581699346405229,"{""max_depth"":16,""max_features"":0.5,""min_samples_leaf"":4,""n_estimators"":500}"
MetaRF,RF,11,2,0.44599567099567095,"{""max_depth"":16,""max_features"":0.5,""min_samples_leaf"":4,""n_estimators"":500}"
MetaRF,RF,11,3,0.08955042717640702,"{""max_depth"":16,""max_features"":0.5,""min_samples_leaf"":4,""n_estimators"":500}"
MetaRF,RF,11,4,0.5006410256410256,"{""max_depth"":16,""max_features"":0.5,""min_samples_leaf"":4,""n_estimators"":500}"
MetaRF,RF,12,1,0.5527450980392157,"{""max_depth"":16,""max_features"":null,""min_samples_leaf"":2,""n_estimators"":500}"
MetaRF,RF,12,2,0.4610904123199205,"{""max_depth"":16,""max_features"":null,""min_samples_leaf"":2,""n_estimators"":500}"
MetaRF,RF,12,3,0.15555555555555556,"{""max_depth"":16,""max_features"":null,""min_samples_leaf"":2,""n_estimators"":500}"
MetaRF,RF,12,4,0.4905913978494624,"{""max_depth"":16,""max_features"":null,""min_samples_leaf"":2,""n_estimators"":500}"
ExtraTrees,ExtraTrees,1,1,0.48190476190476184,"{""max_depth"":null,""max_features"":0.5,""min_samples_leaf"":2,""n_estimators"":350}"
ExtraTrees,ExtraTrees,1,2,0.6068115942028984,"{""max_depth"":null,""max_features"":0.5,""min_samples_leaf"":2,""n_estimators"":350}"
ExtraTrees,ExtraTrees,1,3,0.20352564102564102,"{""max_depth"":null,""max_features"":0.5,""min_samples_leaf"":2,""n_estimators"":350}"
ExtraTrees,ExtraTrees,1,4,0.5425,"{""max_depth"":null,""max_features"":0.5,""min_samples_leaf"":2,""n_estimators"":350}"
ExtraTrees,ExtraTrees,2,1,0.6692982456140351,"{""max_depth"":null,""max_features"":null,""min_samples_leaf"":2,""n_estimators"":500}"
ExtraTrees,ExtraTrees,2,2,0.6523809523809523,"{""max_depth"":null,""max_features"":null,""min_samples_leaf"":2,""n_estimators"":500}"
ExtraTrees,ExtraTrees,2,3,0.20026709401709403,"{""max_depth"":null,""max_features"":null,""min_samples_leaf"":2,""n_estimators"":500}"
ExtraTrees,ExtraTrees,2,4,0.4976532239690134,"{""max_depth"":null,""max_features"":null,""min_samples_leaf"":2,""n_estimators"":500}"
ExtraTrees,ExtraTrees,3,1,0.646969696969697,"{""max_depth"":null,""max_features"":null,""min_samples_leaf"":4,""n_estimators"":350}"
ExtraTrees,ExtraTrees,3,2,0.6404761904761904,"{""max_depth"":null,""max_features"":null,""min_samples_leaf"":4,""n_estimators"":350}"
ExtraTrees,ExtraTrees,3,3,0.15669642857142857,"{""max_depth"":null,""max_features"":null,""min_samples_leaf"":4,""n_estimators"":350}"
ExtraTrees,ExtraTrees,3,4,0.4793545534924845,"{""max_depth"":null,""max_features"":null,""min_samples_leaf"":4,""n_estimators"":350}"
ExtraTrees,ExtraTrees,4,1,0.2623701279519252,"{""max_depth"":8,""max_features"":""sqrt"",""min_samples_leaf"":2,""n_estimators"":200}"
ExtraTrees,ExtraTrees,4,2,0.5634963768115941,"{""max_depth"":8,""max_features"":""sqrt"",""min_samples_leaf"":2,""n_estimators"":200}"
ExtraTrees,ExtraTrees,4,3,0.03756749178862051,"{""max_depth"":8,""max_features"":""sqrt"",""min_samples_leaf"":2,""n_estimators"":200}"
ExtraTrees,ExtraTrees,4,4,0.5339544513457557,"{""max_depth"":8,""max_features"":""sqrt"",""min_samples_leaf"":2,""n_estimators"":200}"
ExtraTrees,ExtraTrees,5,1,0.2709533741714038,"{""max_depth"":8,""max_features"":""sqrt"",""min_samples_leaf"":4,""n_estimators"":200}"
ExtraTrees,ExtraTrees,5,2,0.40730374322904034,"{""max_depth"":8,""max_features"":""sqrt"",""min_samples_leaf"":4,""n_estimators"":200}"
ExtraTrees,ExtraTrees,5,3,0.04959478098469078,"{""max_depth"":8,""max_features"":""sqrt"",""min_samples_leaf"":4,""n_estimators"":200}"
ExtraTrees,ExtraTrees,5,4,0.6384057971014492,"{""max_depth"":8,""max_features"":""sqrt"",""min_samples_leaf"":4,""n_estimators"":200}"
ExtraTrees,ExtraTrees,6,1,0.08273461431356167,"{""max_depth"":8,""max_features"":0.5,""min_samples_leaf"":1,""n_estimators"":350}"
ExtraTrees,ExtraTrees,6,2,0.5025233931584598,"{""max_depth"":8,""max_features"":0.5,""min_samples_leaf"":1,""n_estimators"":350}"
ExtraTrees,ExtraTrees,6,3,0.054051477174963856,"{""max_depth"":8,""max_features"":0.5,""min_samples_leaf"":1,""n_estimators"":350}"
ExtraTrees,ExtraTrees,6,4,0.43939503932244406,"{""max_depth"":8,""max_features"":0.5,""min_samples_leaf"":1,""n_estimators"":350}"
ExtraTrees,ExtraTrees,7,1,0.08445744169148425,"{""max_depth"":8,""max_features"":null,""min_samples_leaf"":1,""n_estimators"":200}"
ExtraTrees,ExtraTrees,7,2,0.5091331269349846,"{""max_depth"":8,""max_features"":null,""min_samples_leaf"":1,""n_estimators"":200}"
ExtraTrees,ExtraTrees,7,3,0.04303271441202476,"{""max_depth"":8,""max_features"":null,""min_samples_leaf"":1,""n_estimators"":200}"
ExtraTrees,ExtraTrees,7,4,0.4298818283166109,"{""max_depth"":8,""max_features"":null,""min_samples_leaf"":1,""n_estimators"":200}"
ExtraTrees,ExtraTrees,8,1,0.12523504273504274,"{""max_depth"":8,""max_features"":null,""min_samples_leaf"":4,""n_estimators"":350}"
ExtraTrees,ExtraTrees,8,2,0.5142091648189209,"{""max_depth"":8,""max_features"":null,""min_samples_leaf"":4,""n_estimators"":350}"
ExtraTrees,ExtraTrees,8,3,0.05517047551931273,"{""max_depth"":8,""max_features"":null,""min_samples_leaf"":4,""n_estimators"":350}"
ExtraTrees,ExtraTrees,8,4,0.4284679089026915,"{""max_depth"":8,""max_features"":null,""min_samples_leaf"":4,""n_estimators"":350}"
ExtraTrees,ExtraTrees,9,1,0.11617353660831922,"{""max_depth"":8,""max_features"":null,""min_samples_leaf"":4,""n_estimators"":500}"
ExtraTrees,ExtraTrees,9,2,0.5133016208597603,"{""max_depth"":8,""max_features"":null,""min_samples_leaf"":4,""n_estimators"":500}"
ExtraTrees,ExtraTrees,9,3,0.05182443275115689,"{""max_depth"":8,""max_features"":null,""min_samples_leaf"":4,""n_estimators"":500}"
ExtraTrees,ExtraTrees,9,4,0.4284679089026915,"{""max_depth"":8,""max_features"":null,""min_samples_leaf"":4,""n_estimators"":500}"
ExtraTrees,ExtraTrees,10,1,0.33732600732600737,"{""max_depth"":16,""max_features"":0.5,""min_samples_leaf"":2,""n_estimators"":350}"
ExtraTrees,ExtraTrees,10,2,0.5429411764705883,"{""max_depth"":16,""max_features"":0.5,""min_samples_leaf"":2,""n_estimators"":350}"
ExtraTrees,ExtraTrees,10,3,0.1508220502901354,"{""max_depth"":16,""max_features"":0.5,""min_samples_leaf"":2,""n_estimators"":350}"
ExtraTrees,ExtraTrees,10,4,0.549047619047619,"{""max_depth"":16,""max_features"":0.5,""min_samples_leaf"":2,""n_estimators"":350}"
ExtraTrees,ExtraTrees,11,1,0.43470209339774557,"{""max_depth"":16,""max_features"":0.5,""min_samples_leaf"":2,""n_estimators"":500}"
ExtraTrees,ExtraTrees,11,2,0.5529411764705883,"{""max_depth"":16,""max_features"":0.5,""min_samples_leaf"":2,""n_estimators"":500}"
ExtraTrees,ExtraTrees,11,3,0.15573534255599472,"{""max_depth"":16,""max_features"":0.5,""min_samples_leaf"":2,""n_estimators"":500}"
ExtraTrees,ExtraTrees,11,4,0.5527777777777778,"{""max_depth"":16,""max_features"":0.5,""min_samples_leaf"":2,""n_estimators"":500}"
ExtraTrees,ExtraTrees,12,1,0.42848484848484847,"{""max_depth"":16,""max_features"":null,""min_samples_leaf"":2,""n_estimators"":350}"
ExtraTrees,ExtraTrees,12,2,0.5575,"{""max_depth"":16,""max_features"":null,""min_samples_leaf"":2,""n_estimators"":350}"
ExtraTrees,ExtraTrees,12,3,0.15573232323232322,"{""max_depth"":16,""max_features"":null,""min_samples_leaf"":2,""n_estimators"":350}"
ExtraTrees,ExtraTrees,12,4,0.49249084249084246,"{""max_depth"":16,""max_features"":null,""min_samples_leaf"":2,""n_estimators"":350}"
GradientBoosting,GradientBoosting,1,1,0.31047619047619046,"{""learning_rate"":0.03,""max_depth"":1,""min_samples_leaf"":2,""n_estimators"":200,""subsample"":1.0}"
GradientBoosting,GradientBoosting,1,2,0.20850793650793653,"{""learning_rate"":0.03,""max_depth"":1,""min_samples_leaf"":2,""n_estimators"":200,""subsample"":1.0}"
GradientBoosting,GradientBoosting,1,3,0.00850889300546051,"{""learning_rate"":0.03,""max_depth"":1,""min_samples_leaf"":2,""n_estimators"":200,""subsample"":1.0}"
GradientBoosting,GradientBoosting,1,4,0.25338345864661654,"{""learning_rate"":0.03,""max_depth"":1,""min_samples_leaf"":2,""n_estimators"":200,""subsample"":1.0}"
GradientBoosting,GradientBoosting,2,1,0.525886524822695,"{""learning_rate"":0.03,""max_depth"":2,""min_samples_leaf"":2,""n_estimators"":100,""subsample"":0.8}"
GradientBoosting,GradientBoosting,2,2,0.24050677307067841,"{""learning_rate"":0.03,""max_depth"":2,""min_samples_leaf"":2,""n_estimators"":100,""subsample"":0.8}"
GradientBoosting,GradientBoosting,2,3,0.009272164150212932,"{""learning_rate"":0.03,""max_depth"":2,""min_samples_leaf"":2,""n_estimators"":100,""subsample"":0.8}"
GradientBoosting,GradientBoosting,2,4,0.45544973544973544,"{""learning_rate"":0.03,""max_depth"":2,""min_samples_leaf"":2,""n_estimators"":100,""subsample"":0.8}"
GradientBoosting,GradientBoosting,3,1,0.6055555555555555,"{""learning_rate"":0.03,""max_depth"":2,""min_samples_leaf"":2,""n_estimators"":350,""subsample"":1.0}"
GradientBoosting,GradientBoosting,3,2,0.2870758377806495,"{""learning_rate"":0.03,""max_depth"":2,""min_samples_leaf"":2,""n_estimators"":350,""subsample"":1.0}"
GradientBoosting,GradientBoosting,3,3,0.007844119856138853,"{""learning_rate"":0.03,""max_depth"":2,""min_samples_leaf"":2,""n_estimators"":350,""subsample"":1.0}"
GradientBoosting,GradientBoosting,3,4,0.5962765957446808,"{""learning_rate"":0.03,""max_depth"":2,""min_samples_leaf"":2,""n_estimators"":350,""subsample"":1.0}"
GradientBoosting,GradientBoosting,4,1,0.5577777777777778,"{""learning_rate"":0.03,""max_depth"":3,""min_samples_leaf"":4,""n_estimators"":350,""subsample"":0.8}"
GradientBoosting,GradientBoosting,4,2,0.3191534391534392,"{""learning_rate"":0.03,""max_depth"":3,""min_samples_leaf"":4,""n_estimators"":350,""subsample"":0.8}"
GradientBoosting,GradientBoosting,4,3,0.03965957362227977,"{""learning_rate"":0.03,""max_depth"":3,""min_samples_leaf"":4,""n_estimators"":350,""subsample"":0.8}"
GradientBoosting,GradientBoosting,4,4,0.6511904761904762,"{""learning_rate"":0.03,""max_depth"":3,""min_samples_leaf"":4,""n_estimators"":350,""subsample"":0.8}"
GradientBoosting,GradientBoosting,5,1,0.5944444444444444,"{""learning_rate"":0.03,""max_depth"":3,""min_samples_leaf"":4,""n_estimators"":350,""subsample"":1.0}"
GradientBoosting,GradientBoosting,5,2,0.31526343244653104,"{""learning_rate"":0.03,""max_depth"":3,""min_samples_leaf"":4,""n_estimators"":350,""subsample"":1.0}"
GradientBoosting,GradientBoosting,5,3,0.03558973354231975,"{""learning_rate"":0.03,""max_depth"":3,""min_samples_leaf"":4,""n_estimators"":350,""subsample"":1.0}"
GradientBoosting,GradientBoosting,5,4,0.6538095238095238,"{""learning_rate"":0.03,""max_depth"":3,""min_samples_leaf"":4,""n_estimators"":350,""subsample"":1.0}"
GradientBoosting,GradientBoosting,6,1,0.18331738437001596,"{""learning_rate"":0.05,""max_depth"":1,""min_samples_leaf"":1,""n_estimators"":200,""subsample"":1.0}"
GradientBoosting,GradientBoosting,6,2,0.2093039184297792,"{""learning_rate"":0.05,""max_depth"":1,""min_samples_leaf"":1,""n_estimators"":200,""subsample"":1.0}"
GradientBoosting,GradientBoosting,6,3,0.009504365867737207,"{""learning_rate"":0.05,""max_depth"":1,""min_samples_leaf"":1,""n_estimators"":200,""subsample"":1.0}"
GradientBoosting,GradientBoosting,6,4,0.06757632635004898,"{""learning_rate"":0.05,""max_depth"":1,""min_samples_leaf"":1,""n_estimators"":200,""subsample"":1.0}"
GradientBoosting,GradientBoosting,7,1,0.44510204081632654,"{""learning_rate"":0.05,""max_depth"":2,""min_samples_leaf"":1,""n_estimators"":200,""subsample"":0.8}"
GradientBoosting,GradientBoosting,7,2,0.24822642165213105,"{""learning_rate"":0.05,""max_depth"":2,""min_samples_leaf"":1,""n_estimators"":200,""subsample"":0.8}"
GradientBoosting,GradientBoosting,7,3,0.010012948763302686,"{""learning_rate"":0.05,""max_depth"":2,""min_samples_leaf"":1,""n_estimators"":200,""subsample"":0.8}"
GradientBoosting,GradientBoosting,7,4,0.6351944551405468,"{""learning_rate"":0.05,""max_depth"":2,""min_samples_leaf"":1,""n_estimators"":200,""subsample"":0.8}"
GradientBoosting,GradientBoosting,8,1,0.30000000000000004,"{""learning_rate"":0.05,""max_depth"":2,""min_samples_leaf"":2,""n_estimators"":100,""subsample"":1.0}"
GradientBoosting,GradientBoosting,8,2,0.3007519718498378,"{""learning_rate"":0.05,""max_depth"":2,""min_samples_leaf"":2,""n_estimators"":100,""subsample"":1.0}"
GradientBoosting,GradientBoosting,8,3,0.0049476528199932455,"{""learning_rate"":0.05,""max_depth"":2,""min_samples_leaf"":2,""n_estimators"":100,""subsample"":1.0}"
GradientBoosting,GradientBoosting,8,4,0.517816091954023,"{""learning_rate"":0.05,""max_depth"":2,""min_samples_leaf"":2,""n_estimators"":100,""subsample"":1.0}"
GradientBoosting,GradientBoosting,9,1,0.4663003663003663,"{""learning_rate"":0.05,""max_depth"":3,""min_samples_leaf"":4,""n_estimators"":100,""subsample"":0.8}"
GradientBoosting,GradientBoosting,9,2,0.3620352034305523,"{""learning_rate"":0.05,""max_depth"":3,""min_samples_leaf"":4,""n_estimators"":100,""subsample"":0.8}"
GradientBoosting,GradientBoosting,9,3,0.07738620296282014,"{""learning_rate"":0.05,""max_depth"":3,""min_samples_leaf"":4,""n_estimators"":100,""subsample"":0.8}"
GradientBoosting,GradientBoosting,9,4,0.5705710354317166,"{""learning_rate"":0.05,""max_depth"":3,""min_samples_leaf"":4,""n_estimators"":100,""subsample"":0.8}"
GradientBoosting,GradientBoosting,10,1,0.169410604791951,"{""learning_rate"":0.1,""max_depth"":1,""min_samples_leaf"":4,""n_estimators"":200,""subsample"":0.8}"
GradientBoosting,GradientBoosting,10,2,0.2067207633645141,"{""learning_rate"":0.1,""max_depth"":1,""min_samples_leaf"":4,""n_estimators"":200,""subsample"":0.8}"
GradientBoosting,GradientBoosting,10,3,0.006213383194472892,"{""learning_rate"":0.1,""max_depth"":1,""min_samples_leaf"":4,""n_estimators"":200,""subsample"":0.8}"
GradientBoosting,GradientBoosting,10,4,0.39222222222222214,"{""learning_rate"":0.1,""max_depth"":1,""min_samples_leaf"":4,""n_estimators"":200,""subsample"":0.8}"
GradientBoosting,GradientBoosting,11,1,0.5521164021164021,"{""learning_rate"":0.1,""max_depth"":2,""min_samples_leaf"":2,""n_estimators"":200,""subsample"":0.8}"
GradientBoosting,GradientBoosting,11,2,0.26279768229277345,"{""learning_rate"":0.1,""max_depth"":2,""min_samples_leaf"":2,""n_estimators"":200,""subsample"":0.8}"
GradientBoosting,GradientBoosting,11,3,0.0029131379706873535,"{""learning_rate"":0.1,""max_depth"":2,""min_samples_leaf"":2,""n_estimators"":200,""subsample"":0.8}"
GradientBoosting,GradientBoosting,11,4,0.22275132275132276,"{""learning_rate"":0.1,""max_depth"":2,""min_samples_leaf"":2,""n_estimators"":200,""subsample"":0.8}"
GradientBoosting,GradientBoosting,12,1,0.5155913978494624,"{""learning_rate"":0.1,""max_depth"":2,""min_samples_leaf"":2,""n_estimators"":350,""subsample"":1.0}"
GradientBoosting,GradientBoosting,12,2,0.2849789201686386,"{""learning_rate"":0.1,""max_depth"":2,""min_samples_leaf"":2,""n_estimators"":350,""subsample"":1.0}"
GradientBoosting,GradientBoosting,12,3,0.007458602406086383,"{""learning_rate"":0.1,""max_depth"":2,""min_samples_leaf"":2,""n_estimators"":350,""subsample"":1.0}"
GradientBoosting,GradientBoosting,12,4,0.685385500575374,"{""learning_rate"":0.1,""max_depth"":2,""min_samples_leaf"":2,""n_estimators"":350,""subsample"":1.0}"
HistGradientBoosting,HistGradientBoosting,1,1,0.41948051948051945,"{""l2_regularization"":0.0,""learning_rate"":0.03,""max_iter"":200,""max_leaf_nodes"":31,""min_samples_leaf"":20}"
HistGradientBoosting,HistGradientBoosting,1,2,0.5099653151536898,"{""l2_regularization"":0.0,""learning_rate"":0.03,""max_iter"":200,""max_leaf_nodes"":31,""min_samples_leaf"":20}"
HistGradientBoosting,HistGradientBoosting,1,3,0.11566742081447964,"{""l2_regularization"":0.0,""learning_rate"":0.03,""max_iter"":200,""max_leaf_nodes"":31,""min_samples_leaf"":20}"
HistGradientBoosting,HistGradientBoosting,1,4,0.4994462901439645,"{""l2_regularization"":0.0,""learning_rate"":0.03,""max_iter"":200,""max_leaf_nodes"":31,""min_samples_leaf"":20}"
HistGradientBoosting,HistGradientBoosting,2,1,0.5692982456140351,"{""l2_regularization"":0.0,""learning_rate"":0.03,""max_iter"":350,""max_leaf_nodes"":31,""min_samples_leaf"":10}"
HistGradientBoosting,HistGradientBoosting,2,2,0.4681592734893468,"{""l2_regularization"":0.0,""learning_rate"":0.03,""max_iter"":350,""max_leaf_nodes"":31,""min_samples_leaf"":10}"
HistGradientBoosting,HistGradientBoosting,2,3,0.0896472421256904,"{""l2_regularization"":0.0,""learning_rate"":0.03,""max_iter"":350,""max_leaf_nodes"":31,""min_samples_leaf"":10}"
HistGradientBoosting,HistGradientBoosting,2,4,0.451860119047619,"{""l2_regularization"":0.0,""learning_rate"":0.03,""max_iter"":350,""max_leaf_nodes"":31,""min_samples_leaf"":10}"
HistGradientBoosting,HistGradientBoosting,3,1,0.41791554357592087,"{""l2_regularization"":0.0,""learning_rate"":0.1,""max_iter"":100,""max_leaf_nodes"":31,""min_samples_leaf"":5}"
HistGradientBoosting,HistGradientBoosting,3,2,0.4380037664783427,"{""l2_regularization"":0.0,""learning_rate"":0.1,""max_iter"":100,""max_leaf_nodes"":31,""min_samples_leaf"":5}"
HistGradientBoosting,HistGradientBoosting,3,3,0.22083333333333333,"{""l2_regularization"":0.0,""learning_rate"":0.1,""max_iter"":100,""max_leaf_nodes"":31,""min_samples_leaf"":5}"
HistGradientBoosting,HistGradientBoosting,3,4,0.5098484848484848,"{""l2_regularization"":0.0,""learning_rate"":0.1,""max_iter"":100,""max_leaf_nodes"":31,""min_samples_leaf"":5}"
HistGradientBoosting,HistGradientBoosting,4,1,0.515438596491228,"{""l2_regularization"":0.0,""learning_rate"":0.1,""max_iter"":350,""max_leaf_nodes"":31,""min_samples_leaf"":20}"
HistGradientBoosting,HistGradientBoosting,4,2,0.482808988764045,"{""l2_regularization"":0.0,""learning_rate"":0.1,""max_iter"":350,""max_leaf_nodes"":31,""min_samples_leaf"":20}"
HistGradientBoosting,HistGradientBoosting,4,3,0.059532371944714155,"{""l2_regularization"":0.0,""learning_rate"":0.1,""max_iter"":350,""max_leaf_nodes"":31,""min_samples_leaf"":20}"
HistGradientBoosting,HistGradientBoosting,4,4,0.44972527472527474,"{""l2_regularization"":0.0,""learning_rate"":0.1,""max_iter"":350,""max_leaf_nodes"":31,""min_samples_leaf"":20}"
HistGradientBoosting,HistGradientBoosting,5,1,0.46851851851851845,"{""l2_regularization"":0.1,""learning_rate"":0.03,""max_iter"":200,""max_leaf_nodes"":15,""min_samples_leaf"":20}"
HistGradientBoosting,HistGradientBoosting,5,2,0.46440528634361233,"{""l2_regularization"":0.1,""learning_rate"":0.03,""max_iter"":200,""max_leaf_nodes"":15,""min_samples_leaf"":20}"
HistGradientBoosting,HistGradientBoosting,5,3,0.09846834879706548,"{""l2_regularization"":0.1,""learning_rate"":0.03,""max_iter"":200,""max_leaf_nodes"":15,""min_samples_leaf"":20}"
HistGradientBoosting,HistGradientBoosting,5,4,0.4493333333333333,"{""l2_regularization"":0.1,""learning_rate"":0.03,""max_iter"":200,""max_leaf_nodes"":15,""min_samples_leaf"":20}"
HistGradientBoosting,HistGradientBoosting,6,1,0.5677235772357724,"{""l2_regularization"":0.1,""learning_rate"":0.03,""max_iter"":350,""max_leaf_nodes"":31,""min_samples_leaf"":20}"
HistGradientBoosting,HistGradientBoosting,6,2,0.48378061400482925,"{""l2_regularization"":0.1,""learning_rate"":0.03,""max_iter"":350,""max_leaf_nodes"":31,""min_samples_leaf"":20}"
HistGradientBoosting,HistGradientBoosting,6,3,0.08233125983125983,"{""l2_regularization"":0.1,""learning_rate"":0.03,""max_iter"":350,""max_leaf_nodes"":31,""min_samples_leaf"":20}"
HistGradientBoosting,HistGradientBoosting,6,4,0.46047907066052224,"{""l2_regularization"":0.1,""learning_rate"":0.03,""max_iter"":350,""max_leaf_nodes"":31,""min_samples_leaf"":20}"
HistGradientBoosting,HistGradientBoosting,7,1,0.5232600732600732,"{""l2_regularization"":0.1,""learning_rate"":0.05,""max_iter"":200,""max_leaf_nodes"":7,""min_samples_leaf"":5}"
HistGradientBoosting,HistGradientBoosting,7,2,0.5168173201636237,"{""l2_regularization"":0.1,""learning_rate"":0.05,""max_iter"":200,""max_leaf_nodes"":7,""min_samples_leaf"":5}"
HistGradientBoosting,HistGradientBoosting,7,3,0.0562321201525747,"{""l2_regularization"":0.1,""learning_rate"":0.05,""max_iter"":200,""max_leaf_nodes"":7,""min_samples_leaf"":5}"
HistGradientBoosting,HistGradientBoosting,7,4,0.4035466062988999,"{""l2_regularization"":0.1,""learning_rate"":0.05,""max_iter"":200,""max_leaf_nodes"":7,""min_samples_leaf"":5}"
HistGradientBoosting,HistGradientBoosting,8,1,0.4188679245283019,"{""l2_regularization"":0.1,""learning_rate"":0.05,""max_iter"":200,""max_leaf_nodes"":7,""min_samples_leaf"":20}"
HistGradientBoosting,HistGradientBoosting,8,2,0.4486351706036745,"{""l2_regularization"":0.1,""learning_rate"":0.05,""max_iter"":200,""max_leaf_nodes"":7,""min_samples_leaf"":20}"
HistGradientBoosting,HistGradientBoosting,8,3,0.07272727272727272,"{""l2_regularization"":0.1,""learning_rate"":0.05,""max_iter"":200,""max_leaf_nodes"":7,""min_samples_leaf"":20}"
HistGradientBoosting,HistGradientBoosting,8,4,0.4413265306122449,"{""l2_regularization"":0.1,""learning_rate"":0.05,""max_iter"":200,""max_leaf_nodes"":7,""min_samples_leaf"":20}"
HistGradientBoosting,HistGradientBoosting,9,1,0.4884615384615384,"{""l2_regularization"":0.1,""learning_rate"":0.05,""max_iter"":350,""max_leaf_nodes"":31,""min_samples_leaf"":5}"
HistGradientBoosting,HistGradientBoosting,9,2,0.5329571577847441,"{""l2_regularization"":0.1,""learning_rate"":0.05,""max_iter"":350,""max_leaf_nodes"":31,""min_samples_leaf"":5}"
HistGradientBoosting,HistGradientBoosting,9,3,0.06232074438970991,"{""l2_regularization"":0.1,""learning_rate"":0.05,""max_iter"":350,""max_leaf_nodes"":31,""min_samples_leaf"":5}"
HistGradientBoosting,HistGradientBoosting,9,4,0.4006834831834831,"{""l2_regularization"":0.1,""learning_rate"":0.05,""max_iter"":350,""max_leaf_nodes"":31,""min_samples_leaf"":5}"
HistGradientBoosting,HistGradientBoosting,10,1,0.46490683229813656,"{""l2_regularization"":1.0,""learning_rate"":0.1,""max_iter"":100,""max_leaf_nodes"":7,""min_samples_leaf"":10}"
HistGradientBoosting,HistGradientBoosting,10,2,0.4967765567765568,"{""l2_regularization"":1.0,""learning_rate"":0.1,""max_iter"":100,""max_leaf_nodes"":7,""min_samples_leaf"":10}"
HistGradientBoosting,HistGradientBoosting,10,3,0.0675189393939394,"{""l2_regularization"":1.0,""learning_rate"":0.1,""max_iter"":100,""max_leaf_nodes"":7,""min_samples_leaf"":10}"
HistGradientBoosting,HistGradientBoosting,10,4,0.39021836007130123,"{""l2_regularization"":1.0,""learning_rate"":0.1,""max_iter"":100,""max_leaf_nodes"":7,""min_samples_leaf"":10}"
HistGradientBoosting,HistGradientBoosting,11,1,0.45666666666666667,"{""l2_regularization"":1.0,""learning_rate"":0.1,""max_iter"":200,""max_leaf_nodes"":15,""min_samples_leaf"":20}"
HistGradientBoosting,HistGradientBoosting,11,2,0.47452260486371795,"{""l2_regularization"":1.0,""learning_rate"":0.1,""max_iter"":200,""max_leaf_nodes"":15,""min_samples_leaf"":20}"
HistGradientBoosting,HistGradientBoosting,11,3,0.05338415207980425,"{""l2_regularization"":1.0,""learning_rate"":0.1,""max_iter"":200,""max_leaf_nodes"":15,""min_samples_leaf"":20}"
HistGradientBoosting,HistGradientBoosting,11,4,0.411644370122631,"{""l2_regularization"":1.0,""learning_rate"":0.1,""max_iter"":200,""max_leaf_nodes"":15,""min_samples_leaf"":20}"
HistGradientBoosting,HistGradientBoosting,12,1,0.5787301587301588,"{""l2_regularization"":1.0,""learning_rate"":0.1,""max_iter"":350,""max_leaf_nodes"":7,""min_samples_leaf"":10}"
HistGradientBoosting,HistGradientBoosting,12,2,0.4387276431967399,"{""l2_regularization"":1.0,""learning_rate"":0.1,""max_iter"":350,""max_leaf_nodes"":7,""min_samples_leaf"":10}"
HistGradientBoosting,HistGradientBoosting,12,3,0.05372135612180659,"{""l2_regularization"":1.0,""learning_rate"":0.1,""max_iter"":350,""max_leaf_nodes"":7,""min_samples_leaf"":10}"
HistGradientBoosting,HistGradientBoosting,12,4,0.40357918810749,"{""l2_regularization"":1.0,""learning_rate"":0.1,""max_iter"":350,""max_leaf_nodes"":7,""min_samples_leaf"":10}"
MLP,MLP,1,1,0.10322827650058594,"{""activation"":""relu"",""alpha"":0.0001,""hidden_layer_sizes"":[32],""learning_rate_init"":0.003}"
MLP,MLP,1,2,0.3225062164053543,"{""activation"":""relu"",""alpha"":0.0001,""hidden_layer_sizes"":[32],""learning_rate_init"":0.003}"
MLP,MLP,1,3,0.423076923076923,"{""activation"":""relu"",""alpha"":0.0001,""hidden_layer_sizes"":[32],""learning_rate_init"":0.003}"
MLP,MLP,1,4,0.3494564694564694,"{""activation"":""relu"",""alpha"":0.0001,""hidden_layer_sizes"":[32],""learning_rate_init"":0.003}"
MLP,MLP,2,1,0.06368037504577465,"{""activation"":""relu"",""alpha"":0.0001,""hidden_layer_sizes"":[64],""learning_rate_init"":0.0003}"
MLP,MLP,2,2,0.30096861471861475,"{""activation"":""relu"",""alpha"":0.0001,""hidden_layer_sizes"":[64],""learning_rate_init"":0.0003}"
MLP,MLP,2,3,0.2930952380952381,"{""activation"":""relu"",""alpha"":0.0001,""hidden_layer_sizes"":[64],""learning_rate_init"":0.0003}"
MLP,MLP,2,4,0.25522748005506624,"{""activation"":""relu"",""alpha"":0.0001,""hidden_layer_sizes"":[64],""learning_rate_init"":0.0003}"
MLP,MLP,3,1,0.07019384771822881,"{""activation"":""relu"",""alpha"":0.0001,""hidden_layer_sizes"":[48,24],""learning_rate_init"":0.0003}"
MLP,MLP,3,2,0.2953046182195094,"{""activation"":""relu"",""alpha"":0.0001,""hidden_layer_sizes"":[48,24],""learning_rate_init"":0.0003}"
MLP,MLP,3,3,0.4512987012987013,"{""activation"":""relu"",""alpha"":0.0001,""hidden_layer_sizes"":[48,24],""learning_rate_init"":0.0003}"
MLP,MLP,3,4,0.24915776018538452,"{""activation"":""relu"",""alpha"":0.0001,""hidden_layer_sizes"":[48,24],""learning_rate_init"":0.0003}"
MLP,MLP,4,1,0.10322202957004759,"{""activation"":""relu"",""alpha"":0.001,""hidden_layer_sizes"":[32],""learning_rate_init"":0.003}"
MLP,MLP,4,2,0.3000419896640827,"{""activation"":""relu"",""alpha"":0.001,""hidden_layer_sizes"":[32],""learning_rate_init"":0.003}"
MLP,MLP,4,3,0.423036093418259,"{""activation"":""relu"",""alpha"":0.001,""hidden_layer_sizes"":[32],""learning_rate_init"":0.003}"
MLP,MLP,4,4,0.5445589273112208,"{""activation"":""relu"",""alpha"":0.001,""hidden_layer_sizes"":[32],""learning_rate_init"":0.003}"
MLP,MLP,5,1,0.05760466991716185,"{""activation"":""tanh"",""alpha"":0.001,""hidden_layer_sizes"":[64],""learning_rate_init"":0.003}"
MLP,MLP,5,2,0.38206596669848336,"{""activation"":""tanh"",""alpha"":0.001,""hidden_layer_sizes"":[64],""learning_rate_init"":0.003}"
MLP,MLP,5,3,0.38650717920756084,"{""activation"":""tanh"",""alpha"":0.001,""hidden_layer_sizes"":[64],""learning_rate_init"":0.003}"
MLP,MLP,5,4,0.3592208893735611,"{""activation"":""tanh"",""alpha"":0.001,""hidden_layer_sizes"":[64],""learning_rate_init"":0.003}"
MLP,MLP,6,1,0.07552988156170412,"{""activation"":""tanh"",""alpha"":0.001,""hidden_layer_sizes"":[48,24],""learning_rate_init"":0.0003}"
MLP,MLP,6,2,0.29439603258944386,"{""activation"":""tanh"",""alpha"":0.001,""hidden_layer_sizes"":[48,24],""learning_rate_init"":0.0003}"
MLP,MLP,6,3,0.4832677165354331,"{""activation"":""tanh"",""alpha"":0.001,""hidden_layer_sizes"":[48,24],""learning_rate_init"":0.0003}"
MLP,MLP,6,4,0.16101723413198826,"{""activation"":""tanh"",""alpha"":0.001,""hidden_layer_sizes"":[48,24],""learning_rate_init"":0.0003}"
MLP,MLP,7,1,0.08359362171571208,"{""activation"":""tanh"",""alpha"":0.001,""hidden_layer_sizes"":[64,32],""learning_rate_init"":0.003}"
MLP,MLP,7,2,0.3539729241711808,"{""activation"":""tanh"",""alpha"":0.001,""hidden_layer_sizes"":[64,32],""learning_rate_init"":0.003}"
MLP,MLP,7,3,0.3332429671538582,"{""activation"":""tanh"",""alpha"":0.001,""hidden_layer_sizes"":[64,32],""learning_rate_init"":0.003}"
MLP,MLP,7,4,0.3586488812392427,"{""activation"":""tanh"",""alpha"":0.001,""hidden_layer_sizes"":[64,32],""learning_rate_init"":0.003}"
MLP,MLP,8,1,0.09145948097699479,"{""activation"":""tanh"",""alpha"":0.001,""hidden_layer_sizes"":[96,48],""learning_rate_init"":0.0003}"
MLP,MLP,8,2,0.46048525258137707,"{""activation"":""tanh"",""alpha"":0.001,""hidden_layer_sizes"":[96,48],""learning_rate_init"":0.0003}"
MLP,MLP,8,3,0.5844062947067238,"{""activation"":""tanh"",""alpha"":0.001,""hidden_layer_sizes"":[96,48],""learning_rate_init"":0.0003}"
MLP,MLP,8,4,0.18120782726045886,"{""activation"":""tanh"",""alpha"":0.001,""hidden_layer_sizes"":[96,48],""learning_rate_init"":0.0003}"
MLP,MLP,9,1,0.058243919505166906,"{""activation"":""tanh"",""alpha"":0.001,""hidden_layer_sizes"":[96,48],""learning_rate_init"":0.001}"
MLP,MLP,9,2,0.4478601912118828,"{""activation"":""tanh"",""alpha"":0.001,""hidden_layer_sizes"":[96,48],""learning_rate_init"":0.001}"
MLP,MLP,9,3,0.5948093220338984,"{""activation"":""tanh"",""alpha"":0.001,""hidden_layer_sizes"":[96,48],""learning_rate_init"":0.001}"
MLP,MLP,9,4,0.18492577597840754,"{""activation"":""tanh"",""alpha"":0.001,""hidden_layer_sizes"":[96,48],""learning_rate_init"":0.001}"
MLP,MLP,10,1,0.07383337613600993,"{""activation"":""tanh"",""alpha"":0.001,""hidden_layer_sizes"":[96,48],""learning_rate_init"":0.003}"
MLP,MLP,10,2,0.4352452148196829,"{""activation"":""tanh"",""alpha"":0.001,""hidden_layer_sizes"":[96,48],""learning_rate_init"":0.003}"
MLP,MLP,10,3,0.6885582010582011,"{""activation"":""tanh"",""alpha"":0.001,""hidden_layer_sizes"":[96,48],""learning_rate_init"":0.003}"
MLP,MLP,10,4,0.3775631386157702,"{""activation"":""tanh"",""alpha"":0.001,""hidden_layer_sizes"":[96,48],""learning_rate_init"":0.003}"
MLP,MLP,11,1,0.09140469855789014,"{""activation"":""tanh"",""alpha"":0.01,""hidden_layer_sizes"":[64],""learning_rate_init"":0.0003}"
MLP,MLP,11,2,0.2029532981115569,"{""activation"":""tanh"",""alpha"":0.01,""hidden_layer_sizes"":[64],""learning_rate_init"":0.0003}"
MLP,MLP,11,3,0.3678376268540203,"{""activation"":""tanh"",""alpha"":0.01,""hidden_layer_sizes"":[64],""learning_rate_init"":0.0003}"
MLP,MLP,11,4,0.32547955121245026,"{""activation"":""tanh"",""alpha"":0.01,""hidden_layer_sizes"":[64],""learning_rate_init"":0.0003}"
MLP,MLP,12,1,0.08695757549999755,"{""activation"":""tanh"",""alpha"":0.01,""hidden_layer_sizes"":[48,24],""learning_rate_init"":0.003}"
MLP,MLP,12,2,0.3226992078285182,"{""activation"":""tanh"",""alpha"":0.01,""hidden_layer_sizes"":[48,24],""learning_rate_init"":0.003}"
MLP,MLP,12,3,0.2916766706682673,"{""activation"":""tanh"",""alpha"":0.01,""hidden_layer_sizes"":[48,24],""learning_rate_init"":0.003}"
MLP,MLP,12,4,0.19583075335397318,"{""activation"":""tanh"",""alpha"":0.01,""hidden_layer_sizes"":[48,24],""learning_rate_init"":0.003}"
LogReg,LogReg,1,1,0.15226548756715638,"{""C"":0.01,""penalty"":""l1""}"
LogReg,LogReg,1,2,0.053732601544720496,"{""C"":0.01,""penalty"":""l1""}"
LogReg,LogReg,1,3,0.02623580457398163,"{""C"":0.01,""penalty"":""l1""}"
LogReg,LogReg,1,4,0.14766533951547187,"{""C"":0.01,""penalty"":""l1""}"
LogReg,LogReg,2,1,0.054404554893215454,"{""C"":0.01,""penalty"":""l2""}"
LogReg,LogReg,2,2,0.12084588322458518,"{""C"":0.01,""penalty"":""l2""}"
LogReg,LogReg,2,3,0.09898811670358731,"{""C"":0.01,""penalty"":""l2""}"
LogReg,LogReg,2,4,0.25308326399368186,"{""C"":0.01,""penalty"":""l2""}"
LogReg,LogReg,3,1,0.053578848569533245,"{""C"":0.03,""penalty"":""l1""}"
LogReg,LogReg,3,2,0.1117878075297828,"{""C"":0.03,""penalty"":""l1""}"
LogReg,LogReg,3,3,0.08158182813355228,"{""C"":0.03,""penalty"":""l1""}"
LogReg,LogReg,3,4,0.26252284573207885,"{""C"":0.03,""penalty"":""l1""}"
LogReg,LogReg,4,1,0.056410359994665406,"{""C"":0.03,""penalty"":""l2""}"
LogReg,LogReg,4,2,0.16054284226706997,"{""C"":0.03,""penalty"":""l2""}"
LogReg,LogReg,4,3,0.2081985382219027,"{""C"":0.03,""penalty"":""l2""}"
LogReg,LogReg,4,4,0.277484370688901,"{""C"":0.03,""penalty"":""l2""}"
LogReg,LogReg,5,1,0.042346658495624225,"{""C"":0.1,""penalty"":""l1""}"
LogReg,LogReg,5,2,0.19759962489092714,"{""C"":0.1,""penalty"":""l1""}"
LogReg,LogReg,5,3,0.5731323132313231,"{""C"":0.1,""penalty"":""l1""}"
LogReg,LogReg,5,4,0.316559894244458,"{""C"":0.1,""penalty"":""l1""}"
LogReg,LogReg,6,1,0.04721295421263152,"{""C"":0.1,""penalty"":""l2""}"
LogReg,LogReg,6,2,0.2907395519952086,"{""C"":0.1,""penalty"":""l2""}"
LogReg,LogReg,6,3,0.3225871045254305,"{""C"":0.1,""penalty"":""l2""}"
LogReg,LogReg,6,4,0.3155139137453065,"{""C"":0.1,""penalty"":""l2""}"
LogReg,LogReg,7,1,0.028846308408960266,"{""C"":0.3,""penalty"":""l1""}"
LogReg,LogReg,7,2,0.2987056752200787,"{""C"":0.3,""penalty"":""l1""}"
LogReg,LogReg,7,3,0.19484052949538022,"{""C"":0.3,""penalty"":""l1""}"
LogReg,LogReg,7,4,0.33719433198380566,"{""C"":0.3,""penalty"":""l1""}"
LogReg,LogReg,8,1,0.044074528676046706,"{""C"":0.3,""penalty"":""l2""}"
LogReg,LogReg,8,2,0.29165366193366377,"{""C"":0.3,""penalty"":""l2""}"
LogReg,LogReg,8,3,0.36205112802029105,"{""C"":0.3,""penalty"":""l2""}"
LogReg,LogReg,8,4,0.3263978494623656,"{""C"":0.3,""penalty"":""l2""}"
LogReg,LogReg,9,1,0.013423035005623979,"{""C"":1.0,""penalty"":""l1""}"
LogReg,LogReg,9,2,0.2521016882744747,"{""C"":1.0,""penalty"":""l1""}"
LogReg,LogReg,9,3,0.6087201442091031,"{""C"":1.0,""penalty"":""l1""}"
LogReg,LogReg,9,4,0.35221445221445224,"{""C"":1.0,""penalty"":""l1""}"
LogReg,LogReg,10,1,0.03807935665083882,"{""C"":1.0,""penalty"":""l2""}"
LogReg,LogReg,10,2,0.19136840442929653,"{""C"":1.0,""penalty"":""l2""}"
LogReg,LogReg,10,3,0.3614932216905901,"{""C"":1.0,""penalty"":""l2""}"
LogReg,LogReg,10,4,0.3295343040797586,"{""C"":1.0,""penalty"":""l2""}"
LogReg,LogReg,11,1,0.03800159093390806,"{""C"":3.0,""penalty"":""l1""}"
LogReg,LogReg,11,2,0.2573001255263317,"{""C"":3.0,""penalty"":""l1""}"
LogReg,LogReg,11,3,0.15950119532209084,"{""C"":3.0,""penalty"":""l1""}"
LogReg,LogReg,11,4,0.3352716843655531,"{""C"":3.0,""penalty"":""l1""}"
LogReg,LogReg,12,1,0.03981109481575137,"{""C"":3.0,""penalty"":""l2""}"
LogReg,LogReg,12,2,0.21164309650388918,"{""C"":3.0,""penalty"":""l2""}"
LogReg,LogReg,12,3,0.36146399373378374,"{""C"":3.0,""penalty"":""l2""}"
LogReg,LogReg,12,4,0.30113636363636365,"{""C"":3.0,""penalty"":""l2""}"
XGBoost,XGBoost,1,1,0.17513829619092777,"{""colsample_bytree"":0.8,""learning_rate"":0.03,""max_depth"":3,""min_child_weight"":5,""n_estimators"":100,""reg_lambda"":1.0,""subsample"":1.0}"
XGBoost,XGBoost,1,2,0.46769230769230774,"{""colsample_bytree"":0.8,""learning_rate"":0.03,""max_depth"":3,""min_child_weight"":5,""n_estimators"":100,""reg_lambda"":1.0,""subsample"":1.0}"
XGBoost,XGBoost,1,3,0.17061435039792147,"{""colsample_bytree"":0.8,""learning_rate"":0.03,""max_depth"":3,""min_child_weight"":5,""n_estimators"":100,""reg_lambda"":1.0,""subsample"":1.0}"
XGBoost,XGBoost,1,4,0.3657009657009657,"{""colsample_bytree"":0.8,""learning_rate"":0.03,""max_depth"":3,""min_child_weight"":5,""n_estimators"":100,""reg_lambda"":1.0,""subsample"":1.0}"
XGBoost,XGBoost,2,1,0.5695238095238095,"{""colsample_bytree"":0.8,""learning_rate"":0.05,""max_depth"":2,""min_child_weight"":3,""n_estimators"":350,""reg_lambda"":1.0,""subsample"":0.8}"
XGBoost,XGBoost,2,2,0.3758147229114971,"{""colsample_bytree"":0.8,""learning_rate"":0.05,""max_depth"":2,""min_child_weight"":3,""n_estimators"":350,""reg_lambda"":1.0,""subsample"":0.8}"
XGBoost,XGBoost,2,3,0.09174019607843137,"{""colsample_bytree"":0.8,""learning_rate"":0.05,""max_depth"":2,""min_child_weight"":3,""n_estimators"":350,""reg_lambda"":1.0,""subsample"":0.8}"
XGBoost,XGBoost,2,4,0.49832489451476797,"{""colsample_bytree"":0.8,""learning_rate"":0.05,""max_depth"":2,""min_child_weight"":3,""n_estimators"":350,""reg_lambda"":1.0,""subsample"":0.8}"
XGBoost,XGBoost,3,1,0.492078032230704,"{""colsample_bytree"":0.8,""learning_rate"":0.05,""max_depth"":2,""min_child_weight"":5,""n_estimators"":200,""reg_lambda"":5.0,""subsample"":1.0}"
XGBoost,XGBoost,3,2,0.6188741721854305,"{""colsample_bytree"":0.8,""learning_rate"":0.05,""max_depth"":2,""min_child_weight"":5,""n_estimators"":200,""reg_lambda"":5.0,""subsample"":1.0}"
XGBoost,XGBoost,3,3,0.09849646226415094,"{""colsample_bytree"":0.8,""learning_rate"":0.05,""max_depth"":2,""min_child_weight"":5,""n_estimators"":200,""reg_lambda"":5.0,""subsample"":1.0}"
XGBoost,XGBoost,3,4,0.5105691986620544,"{""colsample_bytree"":0.8,""learning_rate"":0.05,""max_depth"":2,""min_child_weight"":5,""n_estimators"":200,""reg_lambda"":5.0,""subsample"":1.0}"
XGBoost,XGBoost,4,1,0.4081746031746032,"{""colsample_bytree"":0.8,""learning_rate"":0.1,""max_depth"":2,""min_child_weight"":5,""n_estimators"":350,""reg_lambda"":1.0,""subsample"":0.8}"
XGBoost,XGBoost,4,2,0.47599290780141845,"{""colsample_bytree"":0.8,""learning_rate"":0.1,""max_depth"":2,""min_child_weight"":5,""n_estimators"":350,""reg_lambda"":1.0,""subsample"":0.8}"
XGBoost,XGBoost,4,3,0.11888354700854702,"{""colsample_bytree"":0.8,""learning_rate"":0.1,""max_depth"":2,""min_child_weight"":5,""n_estimators"":350,""reg_lambda"":1.0,""subsample"":0.8}"
XGBoost,XGBoost,4,4,0.5034073453428292,"{""colsample_bytree"":0.8,""learning_rate"":0.1,""max_depth"":2,""min_child_weight"":5,""n_estimators"":350,""reg_lambda"":1.0,""subsample"":0.8}"
XGBoost,XGBoost,5,1,0.4846560846560847,"{""colsample_bytree"":0.8,""learning_rate"":0.1,""max_depth"":5,""min_child_weight"":5,""n_estimators"":100,""reg_lambda"":5.0,""subsample"":0.8}"
XGBoost,XGBoost,5,2,0.48617725289924457,"{""colsample_bytree"":0.8,""learning_rate"":0.1,""max_depth"":5,""min_child_weight"":5,""n_estimators"":100,""reg_lambda"":5.0,""subsample"":0.8}"
XGBoost,XGBoost,5,3,0.10754294464400846,"{""colsample_bytree"":0.8,""learning_rate"":0.1,""max_depth"":5,""min_child_weight"":5,""n_estimators"":100,""reg_lambda"":5.0,""subsample"":0.8}"
XGBoost,XGBoost,5,4,0.3907504709031427,"{""colsample_bytree"":0.8,""learning_rate"":0.1,""max_depth"":5,""min_child_weight"":5,""n_estimators"":100,""reg_lambda"":5.0,""subsample"":0.8}"
XGBoost,XGBoost,6,1,0.47733210186040376,"{""colsample_bytree"":1.0,""learning_rate"":0.03,""max_depth"":2,""min_child_weight"":3,""n_estimators"":350,""reg_lambda"":5.0,""subsample"":1.0}"
XGBoost,XGBoost,6,2,0.6188938381588716,"{""colsample_bytree"":1.0,""learning_rate"":0.03,""max_depth"":2,""min_child_weight"":3,""n_estimators"":350,""reg_lambda"":5.0,""subsample"":1.0}"
XGBoost,XGBoost,6,3,0.09767531509788147,"{""colsample_bytree"":1.0,""learning_rate"":0.03,""max_depth"":2,""min_child_weight"":3,""n_estimators"":350,""reg_lambda"":5.0,""subsample"":1.0}"
XGBoost,XGBoost,6,4,0.5056378483596828,"{""colsample_bytree"":1.0,""learning_rate"":0.03,""max_depth"":2,""min_child_weight"":3,""n_estimators"":350,""reg_lambda"":5.0,""subsample"":1.0}"
XGBoost,XGBoost,7,1,0.08085828959555419,"{""colsample_bytree"":1.0,""learning_rate"":0.03,""max_depth"":2,""min_child_weight"":5,""n_estimators"":100,""reg_lambda"":1.0,""subsample"":0.8}"
XGBoost,XGBoost,7,2,0.5329459395094069,"{""colsample_bytree"":1.0,""learning_rate"":0.03,""max_depth"":2,""min_child_weight"":5,""n_estimators"":100,""reg_lambda"":1.0,""subsample"":0.8}"
XGBoost,XGBoost,7,3,0.06762132320851881,"{""colsample_bytree"":1.0,""learning_rate"":0.03,""max_depth"":2,""min_child_weight"":5,""n_estimators"":100,""reg_lambda"":1.0,""subsample"":0.8}"
XGBoost,XGBoost,7,4,0.41342779789740164,"{""colsample_bytree"":1.0,""learning_rate"":0.03,""max_depth"":2,""min_child_weight"":5,""n_estimators"":100,""reg_lambda"":1.0,""subsample"":0.8}"
XGBoost,XGBoost,8,1,0.520899470899471,"{""colsample_bytree"":1.0,""learning_rate"":0.03,""max_depth"":3,""min_child_weight"":1,""n_estimators"":200,""reg_lambda"":5.0,""subsample"":1.0}"
XGBoost,XGBoost,8,2,0.6246031746031746,"{""colsample_bytree"":1.0,""learning_rate"":0.03,""max_depth"":3,""min_child_weight"":1,""n_estimators"":200,""reg_lambda"":5.0,""subsample"":1.0}"
XGBoost,XGBoost,8,3,0.11028758063641783,"{""colsample_bytree"":1.0,""learning_rate"":0.03,""max_depth"":3,""min_child_weight"":1,""n_estimators"":200,""reg_lambda"":5.0,""subsample"":1.0}"
XGBoost,XGBoost,8,4,0.37227692888134317,"{""colsample_bytree"":1.0,""learning_rate"":0.03,""max_depth"":3,""min_child_weight"":1,""n_estimators"":200,""reg_lambda"":5.0,""subsample"":1.0}"
XGBoost,XGBoost,9,1,0.4436575842458196,"{""colsample_bytree"":1.0,""learning_rate"":0.05,""max_depth"":2,""min_child_weight"":1,""n_estimators"":350,""reg_lambda"":1.0,""subsample"":1.0}"
XGBoost,XGBoost,9,2,0.6003217503217504,"{""colsample_bytree"":1.0,""learning_rate"":0.05,""max_depth"":2,""min_child_weight"":1,""n_estimators"":350,""reg_lambda"":1.0,""subsample"":1.0}"
XGBoost,XGBoost,9,3,0.05176501874394146,"{""colsample_bytree"":1.0,""learning_rate"":0.05,""max_depth"":2,""min_child_weight"":1,""n_estimators"":350,""reg_lambda"":1.0,""subsample"":1.0}"
XGBoost,XGBoost,9,4,0.42336104236732447,"{""colsample_bytree"":1.0,""learning_rate"":0.05,""max_depth"":2,""min_child_weight"":1,""n_estimators"":350,""reg_lambda"":1.0,""subsample"":1.0}"
XGBoost,XGBoost,10,1,0.16118919216376842,"{""colsample_bytree"":1.0,""learning_rate"":0.05,""max_depth"":5,""min_child_weight"":3,""n_estimators"":100,""reg_lambda"":5.0,""subsample"":0.8}"
XGBoost,XGBoost,10,2,0.47550781716195245,"{""colsample_bytree"":1.0,""learning_rate"":0.05,""max_depth"":5,""min_child_weight"":3,""n_estimators"":100,""reg_lambda"":5.0,""subsample"":0.8}"
XGBoost,XGBoost,10,3,0.15711403205349936,"{""colsample_bytree"":1.0,""learning_rate"":0.05,""max_depth"":5,""min_child_weight"":3,""n_estimators"":100,""reg_lambda"":5.0,""subsample"":0.8}"
XGBoost,XGBoost,10,4,0.4134350909651557,"{""colsample_bytree"":1.0,""learning_rate"":0.05,""max_depth"":5,""min_child_weight"":3,""n_estimators"":100,""reg_lambda"":5.0,""subsample"":0.8}"
XGBoost,XGBoost,11,1,0.4623456790123457,"{""colsample_bytree"":1.0,""learning_rate"":0.1,""max_depth"":3,""min_child_weight"":5,""n_estimators"":350,""reg_lambda"":1.0,""subsample"":1.0}"
XGBoost,XGBoost,11,2,0.5446145667198299,"{""colsample_bytree"":1.0,""learning_rate"":0.1,""max_depth"":3,""min_child_weight"":5,""n_estimators"":350,""reg_lambda"":1.0,""subsample"":1.0}"
XGBoost,XGBoost,11,3,0.08767757855124549,"{""colsample_bytree"":1.0,""learning_rate"":0.1,""max_depth"":3,""min_child_weight"":5,""n_estimators"":350,""reg_lambda"":1.0,""subsample"":1.0}"
XGBoost,XGBoost,11,4,0.406337021148491,"{""colsample_bytree"":1.0,""learning_rate"":0.1,""max_depth"":3,""min_child_weight"":5,""n_estimators"":350,""reg_lambda"":1.0,""subsample"":1.0}"
XGBoost,XGBoost,12,1,0.4336986301369863,"{""colsample_bytree"":1.0,""learning_rate"":0.1,""max_depth"":5,""min_child_weight"":3,""n_estimators"":100,""reg_lambda"":1.0,""subsample"":0.8}"
XGBoost,XGBoost,12,2,0.47393399248015594,"{""colsample_bytree"":1.0,""learning_rate"":0.1,""max_depth"":5,""min_child_weight"":3,""n_estimators"":100,""reg_lambda"":1.0,""subsample"":0.8}"
XGBoost,XGBoost,12,3,0.13748751961203823,"{""colsample_bytree"":1.0,""learning_rate"":0.1,""max_depth"":5,""min_child_weight"":3,""n_estimators"":100,""reg_lambda"":1.0,""subsample"":0.8}"
XGBoost,XGBoost,12,4,0.38312863606981257,"{""colsample_bytree"":1.0,""learning_rate"":0.1,""max_depth"":5,""min_child_weight"":3,""n_estimators"":100,""reg_lambda"":1.0,""subsample"":0.8}"
