ExcludedFile,Repeat,Fold,TrainN,TrainPos,ValN,ValPos,Threshold
labelled_2021may-ip-10-100-1-105.csv,1,1,4291,5,1073,1,0.005691066099213893
labelled_2021may-ip-10-100-1-105.csv,1,2,4291,5,1073,1,0.0028538136298565104
labelled_2021may-ip-10-100-1-105.csv,1,3,4291,5,1073,1,0.0028549225098805455
labelled_2021may-ip-10-100-1-105.csv,1,4,4291,4,1073,2,0.0028465190398725138
labelled_2021may-ip-10-100-1-105.csv,1,5,4292,5,1072,1,0.0043626231552555544
labelled_2021may-ip-10-100-1-105.csv,2,1,4291,5,1073,1,0.0028560322519741005
labelled_2021may-ip-10-100-1-105.csv,2,2,4291,5,1073,1,0.002855477273105815
labelled_2021may-ip-10-100-1-105.csv,2,3,4291,5,1073,1,0.00569767054921865
labelled_2021may-ip-10-100-1-105.csv,2,4,4291,4,1073,2,0.002841236703449647
labelled_2021may-ip-10-100-1-105.csv,2,5,4292,5,1072,1,0.004338415399215503
labelled_2021may-ip-10-100-1-105.csv,3,1,4291,5,1073,1,0.0028560322519741005
labelled_2021may-ip-10-100-1-105.csv,3,2,4291,5,1073,1,0.002852151924004725
labelled_2021may-ip-10-100-1-105.csv,3,3,4291,5,1073,1,0.004344691902559377
labelled_2021may-ip-10-100-1-105.csv,3,4,4291,4,1073,2,0.002849167580500448
labelled_2021may-ip-10-100-1-105.csv,3,5,4292,5,1072,1,0.005707628811077087
labelled_2021may-ip-10-100-1-105.csv,4,1,4291,5,1073,1,0.002855477273105815
labelled_2021may-ip-10-100-1-105.csv,4,2,4291,5,1073,1,0.002855477273105815
labelled_2021may-ip-10-100-1-105.csv,4,3,4291,5,1073,1,0.0028554772731058144
labelled_2021may-ip-10-100-1-105.csv,4,4,4291,4,1073,2,0.002850493699923535
labelled_2021may-ip-10-100-1-105.csv,4,5,4292,5,1072,1,0.005678018101312449
labelled_2021may-ip-10-100-1-105.csv,5,1,4291,5,1073,1,0.005691066099213893
labelled_2021may-ip-10-100-1-105.csv,5,2,4291,5,1073,1,0.0028549225098805455
labelled_2021may-ip-10-100-1-105.csv,5,3,4291,5,1073,1,0.002852151924004725
labelled_2021may-ip-10-100-1-105.csv,5,4,4291,4,1073,2,0.0028544794753137793
labelled_2021may-ip-10-100-1-105.csv,5,5,4292,5,1072,1,0.0028372877990668123
labelled_2021may-ip-10-100-1-105.csv,6,1,4291,5,1073,1,0.002853813629856511
labelled_2021may-ip-10-100-1-105.csv,6,2,4291,5,1073,1,0.005651203987449666
labelled_2021may-ip-10-100-1-105.csv,6,3,4291,5,1073,1,0.00283400006612226
labelled_2021may-ip-10-100-1-105.csv,6,4,4291,4,1073,2,0.002851821054382172
labelled_2021may-ip-10-100-1-105.csv,6,5,4292,5,1072,1,0.0028521530861733446
labelled_2021may-ip-10-100-1-105.csv,7,1,4291,5,1073,1,0.0028405739470457633
labelled_2021may-ip-10-100-1-105.csv,7,2,4291,5,1073,1,0.005592238761478739
labelled_2021may-ip-10-100-1-105.csv,7,3,4291,5,1073,1,0.002853813629856511
labelled_2021may-ip-10-100-1-105.csv,7,4,4291,4,1073,2,0.002857142857142857
labelled_2021may-ip-10-100-1-105.csv,7,5,4292,5,1072,1,0.0027282707269342754
labelled_2021may-ip-10-100-1-105.csv,8,1,4291,5,1073,1,0.00284717839705052
labelled_2021may-ip-10-100-1-105.csv,8,2,4291,5,1073,1,0.002855477273105815
labelled_2021may-ip-10-100-1-105.csv,8,3,4291,5,1073,1,0.004475380721540777
labelled_2021may-ip-10-100-1-105.csv,8,4,4291,4,1073,2,0.002851821054382172
labelled_2021may-ip-10-100-1-105.csv,8,5,4292,5,1072,1,0.008537310311805884
labelled_2021may-ip-10-100-1-105.csv,9,1,4291,5,1073,1,0.0028538136298565104
labelled_2021may-ip-10-100-1-105.csv,9,2,4291,5,1073,1,0.002853813629856511
labelled_2021may-ip-10-100-1-105.csv,9,3,4291,5,1073,1,0.0028554772731058144
labelled_2021may-ip-10-100-1-105.csv,9,4,4291,4,1073,2,0.00285447947531378
labelled_2021may-ip-10-100-1-105.csv,9,5,4292,5,1072,1,0.0028554776613990977
labelled_2021may-ip-10-100-1-105.csv,10,1,4291,5,1073,1,0.0056583320677133205
labelled_2021may-ip-10-100-1-105.csv,10,2,4291,5,1073,1,0.0028538136298565104
labelled_2021may-ip-10-100-1-105.csv,10,3,4291,5,1073,1,0.002853813629856511
labelled_2021may-ip-10-100-1-105.csv,10,4,4291,4,1073,2,0.0044502252601203215
labelled_2021may-ip-10-100-1-105.csv,10,5,4292,5,1072,1,0.0028560325109369105
labelled_2021may-ip-10-100-1-186.csv,1,1,3566,23,892,6,0.02988595982710541
labelled_2021may-ip-10-100-1-186.csv,1,2,3566,23,892,6,0.027826209103472773
labelled_2021may-ip-10-100-1-186.csv,1,3,3566,23,892,6,0.039128378707799776
labelled_2021may-ip-10-100-1-186.csv,1,4,3567,24,891,5,0.036688529061111544
labelled_2021may-ip-10-100-1-186.csv,1,5,3567,23,891,6,0.03128751870339768
labelled_2021may-ip-10-100-1-186.csv,2,1,3566,23,892,6,0.022162156105155935
labelled_2021may-ip-10-100-1-186.csv,2,2,3566,23,892,6,0.056337329872030606
labelled_2021may-ip-10-100-1-186.csv,2,3,3566,23,892,6,0.034217978463870084
labelled_2021may-ip-10-100-1-186.csv,2,4,3567,24,891,5,0.034046411711875474
labelled_2021may-ip-10-100-1-186.csv,2,5,3567,23,891,6,0.02553836634143991
labelled_2021may-ip-10-100-1-186.csv,3,1,3566,23,892,6,0.025446789924838446
labelled_2021may-ip-10-100-1-186.csv,3,2,3566,23,892,6,0.03676082698710725
labelled_2021may-ip-10-100-1-186.csv,3,3,3566,23,892,6,0.03123186062554735
labelled_2021may-ip-10-100-1-186.csv,3,4,3567,24,891,5,0.08242032758460055
labelled_2021may-ip-10-100-1-186.csv,3,5,3567,23,891,6,0.02998786584225127
labelled_2021may-ip-10-100-1-186.csv,4,1,3566,23,892,6,0.04810502343257974
labelled_2021may-ip-10-100-1-186.csv,4,2,3566,23,892,6,0.050635944548342665
labelled_2021may-ip-10-100-1-186.csv,4,3,3566,23,892,6,0.038967406477003065
labelled_2021may-ip-10-100-1-186.csv,4,4,3567,24,891,5,0.045055759300397076
labelled_2021may-ip-10-100-1-186.csv,4,5,3567,23,891,6,0.02547780847830189
labelled_2021may-ip-10-100-1-186.csv,5,1,3566,23,892,6,0.01971899284237705
labelled_2021may-ip-10-100-1-186.csv,5,2,3566,23,892,6,0.07826117130071249
labelled_2021may-ip-10-100-1-186.csv,5,3,3566,23,892,6,0.028107956855440083
labelled_2021may-ip-10-100-1-186.csv,5,4,3567,24,891,5,0.027760097391668397
labelled_2021may-ip-10-100-1-186.csv,5,5,3567,23,891,6,0.03407283468814401
labelled_2021may-ip-10-100-1-186.csv,6,1,3566,23,892,6,0.02139003712061583
labelled_2021may-ip-10-100-1-186.csv,6,2,3566,23,892,6,0.03576751326811391
labelled_2021may-ip-10-100-1-186.csv,6,3,3566,23,892,6,0.0364483789120903
labelled_2021may-ip-10-100-1-186.csv,6,4,3567,24,891,5,0.03128372777246173
labelled_2021may-ip-10-100-1-186.csv,6,5,3567,23,891,6,0.04036212481070256
labelled_2021may-ip-10-100-1-186.csv,7,1,3566,23,892,6,0.03407972083661024
labelled_2021may-ip-10-100-1-186.csv,7,2,3566,23,892,6,0.031601974338418395
labelled_2021may-ip-10-100-1-186.csv,7,3,3566,23,892,6,0.03116373397228654
labelled_2021may-ip-10-100-1-186.csv,7,4,3567,24,891,5,0.02476085901901356
labelled_2021may-ip-10-100-1-186.csv,7,5,3567,23,891,6,0.02901217547508428
labelled_2021may-ip-10-100-1-186.csv,8,1,3566,23,892,6,0.0450167516773275
labelled_2021may-ip-10-100-1-186.csv,8,2,3566,23,892,6,0.03659517017979662
labelled_2021may-ip-10-100-1-186.csv,8,3,3566,23,892,6,0.028023774123411532
labelled_2021may-ip-10-100-1-186.csv,8,4,3567,24,891,5,0.0339768771098451
labelled_2021may-ip-10-100-1-186.csv,8,5,3567,23,891,6,0.033899388486820795
labelled_2021may-ip-10-100-1-186.csv,9,1,3566,23,892,6,0.03970206647898836
labelled_2021may-ip-10-100-1-186.csv,9,2,3566,23,892,6,0.028047382228949053
labelled_2021may-ip-10-100-1-186.csv,9,3,3566,23,892,6,0.03950596939710228
labelled_2021may-ip-10-100-1-186.csv,9,4,3567,24,891,5,0.04037337588788935
labelled_2021may-ip-10-100-1-186.csv,9,5,3567,23,891,6,0.03890953968011406
labelled_2021may-ip-10-100-1-186.csv,10,1,3566,23,892,6,0.032441260872402705
labelled_2021may-ip-10-100-1-186.csv,10,2,3566,23,892,6,0.09347702747189374
labelled_2021may-ip-10-100-1-186.csv,10,3,3566,23,892,6,0.02840235971193344
labelled_2021may-ip-10-100-1-186.csv,10,4,3567,24,891,5,0.03669960171082807
labelled_2021may-ip-10-100-1-186.csv,10,5,3567,23,891,6,0.03110234445022207
labelled_2021may-ip-10-100-1-26.csv,1,1,4411,23,1103,6,0.02073252610833824
labelled_2021may-ip-10-100-1-26.csv,1,2,4411,23,1103,6,0.033998979354539015
labelled_2021may-ip-10-100-1-26.csv,1,3,4411,23,1103,6,0.02641174637689446
labelled_2021may-ip-10-100-1-26.csv,1,4,4411,23,1103,6,0.019907235979794206
labelled_2021may-ip-10-100-1-26.csv,1,5,4412,24,1102,5,0.01984623459199935
labelled_2021may-ip-10-100-1-26.csv,2,1,4411,23,1103,6,0.020801881835469032
labelled_2021may-ip-10-100-1-26.csv,2,2,4411,23,1103,6,0.02272666518194231
labelled_2021may-ip-10-100-1-26.csv,2,3,4411,23,1103,6,0.016893965387846613
labelled_2021may-ip-10-100-1-26.csv,2,4,4411,23,1103,6,0.028420201407924395
labelled_2021may-ip-10-100-1-26.csv,2,5,4412,24,1102,5,0.02651338472976987
labelled_2021may-ip-10-100-1-26.csv,3,1,4411,23,1103,6,0.016943365653756856
labelled_2021may-ip-10-100-1-26.csv,3,2,4411,23,1103,6,0.01995036191423436
labelled_2021may-ip-10-100-1-26.csv,3,3,4411,23,1103,6,0.042579131203884985
labelled_2021may-ip-10-100-1-26.csv,3,4,4411,23,1103,6,0.028162445200273115
labelled_2021may-ip-10-100-1-26.csv,3,5,4412,24,1102,5,0.0288884903094915
labelled_2021may-ip-10-100-1-26.csv,4,1,4411,23,1103,6,0.019524969421486866
labelled_2021may-ip-10-100-1-26.csv,4,2,4411,23,1103,6,0.0255055392092039
labelled_2021may-ip-10-100-1-26.csv,4,3,4411,23,1103,6,0.02850483018296819
labelled_2021may-ip-10-100-1-26.csv,4,4,4411,23,1103,6,0.024936582838782223
labelled_2021may-ip-10-100-1-26.csv,4,5,4412,24,1102,5,0.026912749738748028
labelled_2021may-ip-10-100-1-26.csv,5,1,4411,23,1103,6,0.02818270030043112
labelled_2021may-ip-10-100-1-26.csv,5,2,4411,23,1103,6,0.028372756888134478
labelled_2021may-ip-10-100-1-26.csv,5,3,4411,23,1103,6,0.019581165622853242
labelled_2021may-ip-10-100-1-26.csv,5,4,4411,23,1103,6,0.02509523178512895
labelled_2021may-ip-10-100-1-26.csv,5,5,4412,24,1102,5,0.02459748430068714
labelled_2021may-ip-10-100-1-26.csv,6,1,4411,23,1103,6,0.022510290060549363
labelled_2021may-ip-10-100-1-26.csv,6,2,4411,23,1103,6,0.025505486823312735
labelled_2021may-ip-10-100-1-26.csv,6,3,4411,23,1103,6,0.021552488221263027
labelled_2021may-ip-10-100-1-26.csv,6,4,4411,23,1103,6,0.0226479026590409
labelled_2021may-ip-10-100-1-26.csv,6,5,4412,24,1102,5,0.031204238514916587
labelled_2021may-ip-10-100-1-26.csv,7,1,4411,23,1103,6,0.029678263847920338
labelled_2021may-ip-10-100-1-26.csv,7,2,4411,23,1103,6,0.02532578006540477
labelled_2021may-ip-10-100-1-26.csv,7,3,4411,23,1103,6,0.02748409457435857
labelled_2021may-ip-10-100-1-26.csv,7,4,4411,23,1103,6,0.022471191917728336
labelled_2021may-ip-10-100-1-26.csv,7,5,4412,24,1102,5,0.03003931047558133
labelled_2021may-ip-10-100-1-26.csv,8,1,4411,23,1103,6,0.019471621688962704
labelled_2021may-ip-10-100-1-26.csv,8,2,4411,23,1103,6,0.02555299001126678
labelled_2021may-ip-10-100-1-26.csv,8,3,4411,23,1103,6,0.02848695135489307
labelled_2021may-ip-10-100-1-26.csv,8,4,4411,23,1103,6,0.025281866378909456
labelled_2021may-ip-10-100-1-26.csv,8,5,4412,24,1102,5,0.021298509843633656
labelled_2021may-ip-10-100-1-26.csv,9,1,4411,23,1103,6,0.017068329099026305
labelled_2021may-ip-10-100-1-26.csv,9,2,4411,23,1103,6,0.03929061995335223
labelled_2021may-ip-10-100-1-26.csv,9,3,4411,23,1103,6,0.030756114974331
labelled_2021may-ip-10-100-1-26.csv,9,4,4411,23,1103,6,0.03194862562770882
labelled_2021may-ip-10-100-1-26.csv,9,5,4412,24,1102,5,0.0219204130343589
labelled_2021may-ip-10-100-1-26.csv,10,1,4411,23,1103,6,0.02729536879409955
labelled_2021may-ip-10-100-1-26.csv,10,2,4411,23,1103,6,0.03129483879453176
labelled_2021may-ip-10-100-1-26.csv,10,3,4411,23,1103,6,0.028300784155103453
labelled_2021may-ip-10-100-1-26.csv,10,4,4411,23,1103,6,0.019883879443296937
labelled_2021may-ip-10-100-1-26.csv,10,5,4412,24,1102,5,0.02831648434244238
labelled_2021may-ip-10-100-1-4.csv,1,1,4123,19,1031,4,0.04229212853470855
labelled_2021may-ip-10-100-1-4.csv,1,2,4123,18,1031,5,0.022763901272433815
labelled_2021may-ip-10-100-1-4.csv,1,3,4123,18,1031,5,0.02068715284109578
labelled_2021may-ip-10-100-1-4.csv,1,4,4123,18,1031,5,0.013522263684039236
labelled_2021may-ip-10-100-1-4.csv,1,5,4124,19,1030,4,0.02965764079086156
labelled_2021may-ip-10-100-1-4.csv,2,1,4123,19,1031,4,0.025583040851014566
labelled_2021may-ip-10-100-1-4.csv,2,2,4123,18,1031,5,0.04206211980184866
labelled_2021may-ip-10-100-1-4.csv,2,3,4123,18,1031,5,0.022341336952992237
labelled_2021may-ip-10-100-1-4.csv,2,4,4123,18,1031,5,0.025571237497184016
labelled_2021may-ip-10-100-1-4.csv,2,5,4124,19,1030,4,0.02511152524155486
labelled_2021may-ip-10-100-1-4.csv,3,1,4123,19,1031,4,0.02266550681364146
labelled_2021may-ip-10-100-1-4.csv,3,2,4123,18,1031,5,0.022043669730194476
labelled_2021may-ip-10-100-1-4.csv,3,3,4123,18,1031,5,0.014211062395722663
labelled_2021may-ip-10-100-1-4.csv,3,4,4123,18,1031,5,0.025318144467069252
labelled_2021may-ip-10-100-1-4.csv,3,5,4124,19,1030,4,0.028427885862077867
labelled_2021may-ip-10-100-1-4.csv,4,1,4123,19,1031,4,0.025630607815522698
labelled_2021may-ip-10-100-1-4.csv,4,2,4123,18,1031,5,0.03331234271532375
labelled_2021may-ip-10-100-1-4.csv,4,3,4123,18,1031,5,0.017006935077751223
labelled_2021may-ip-10-100-1-4.csv,4,4,4123,18,1031,5,0.026446878243310188
labelled_2021may-ip-10-100-1-4.csv,4,5,4124,19,1030,4,0.028315722143545996
labelled_2021may-ip-10-100-1-4.csv,5,1,4123,19,1031,4,0.01931049645113465
labelled_2021may-ip-10-100-1-4.csv,5,2,4123,18,1031,5,0.017117882694477275
labelled_2021may-ip-10-100-1-4.csv,5,3,4123,18,1031,5,0.02219480438074108
labelled_2021may-ip-10-100-1-4.csv,5,4,4123,18,1031,5,0.024740400216128576
labelled_2021may-ip-10-100-1-4.csv,5,5,4124,19,1030,4,0.025153341998160238
labelled_2021may-ip-10-100-1-4.csv,6,1,4123,19,1031,4,0.02054300397671846
labelled_2021may-ip-10-100-1-4.csv,6,2,4123,18,1031,5,0.030850224517094602
labelled_2021may-ip-10-100-1-4.csv,6,3,4123,18,1031,5,0.031113913929048474
labelled_2021may-ip-10-100-1-4.csv,6,4,4123,18,1031,5,0.02273491966429844
labelled_2021may-ip-10-100-1-4.csv,6,5,4124,19,1030,4,0.02534749645483725
labelled_2021may-ip-10-100-1-4.csv,7,1,4123,19,1031,4,0.022420037134370317
labelled_2021may-ip-10-100-1-4.csv,7,2,4123,18,1031,5,0.02839021114704362
labelled_2021may-ip-10-100-1-4.csv,7,3,4123,18,1031,5,0.04473805787811686
labelled_2021may-ip-10-100-1-4.csv,7,4,4123,18,1031,5,0.016396396061088815
labelled_2021may-ip-10-100-1-4.csv,7,5,4124,19,1030,4,0.02254066267047572
labelled_2021may-ip-10-100-1-4.csv,8,1,4123,19,1031,4,0.01977179133541392
labelled_2021may-ip-10-100-1-4.csv,8,2,4123,18,1031,5,0.019899402718297113
labelled_2021may-ip-10-100-1-4.csv,8,3,4123,18,1031,5,0.028267928402913912
labelled_2021may-ip-10-100-1-4.csv,8,4,4123,18,1031,5,0.024390292182648078
labelled_2021may-ip-10-100-1-4.csv,8,5,4124,19,1030,4,0.01978600336420751
labelled_2021may-ip-10-100-1-4.csv,9,1,4123,19,1031,4,0.019760701151858275
labelled_2021may-ip-10-100-1-4.csv,9,2,4123,18,1031,5,0.025504656296792307
labelled_2021may-ip-10-100-1-4.csv,9,3,4123,18,1031,5,0.027047458804767284
labelled_2021may-ip-10-100-1-4.csv,9,4,4123,18,1031,5,0.025342526018774566
labelled_2021may-ip-10-100-1-4.csv,9,5,4124,19,1030,4,0.022984740881122765
labelled_2021may-ip-10-100-1-4.csv,10,1,4123,19,1031,4,0.02353855162511033
labelled_2021may-ip-10-100-1-4.csv,10,2,4123,18,1031,5,0.014248293544922212
labelled_2021may-ip-10-100-1-4.csv,10,3,4123,18,1031,5,0.022105699959830253
labelled_2021may-ip-10-100-1-4.csv,10,4,4123,18,1031,5,0.01684974047808941
labelled_2021may-ip-10-100-1-4.csv,10,5,4124,19,1030,4,0.036470381684465154
labelled_2021may-ip-10-100-1-95.csv,1,1,3871,23,968,6,0.034122580581304705
labelled_2021may-ip-10-100-1-95.csv,1,2,3871,23,968,6,0.04130809081994594
labelled_2021may-ip-10-100-1-95.csv,1,3,3871,23,968,6,0.019884747826157127
labelled_2021may-ip-10-100-1-95.csv,1,4,3871,23,968,6,0.02105273030960792
labelled_2021may-ip-10-100-1-95.csv,1,5,3872,24,967,5,0.020564453728628623
labelled_2021may-ip-10-100-1-95.csv,2,1,3871,23,968,6,0.039178599661345195
labelled_2021may-ip-10-100-1-95.csv,2,2,3871,23,968,6,0.025517341406559636
labelled_2021may-ip-10-100-1-95.csv,2,3,3871,23,968,6,0.026283424933197692
labelled_2021may-ip-10-100-1-95.csv,2,4,3871,23,968,6,0.02064754227281592
labelled_2021may-ip-10-100-1-95.csv,2,5,3872,24,967,5,0.039629374834566355
labelled_2021may-ip-10-100-1-95.csv,3,1,3871,23,968,6,0.035407326140894854
labelled_2021may-ip-10-100-1-95.csv,3,2,3871,23,968,6,0.032724079890940956
labelled_2021may-ip-10-100-1-95.csv,3,3,3871,23,968,6,0.034064543347531256
labelled_2021may-ip-10-100-1-95.csv,3,4,3871,23,968,6,0.02840666642805693
labelled_2021may-ip-10-100-1-95.csv,3,5,3872,24,967,5,0.02543138426766419
labelled_2021may-ip-10-100-1-95.csv,4,1,3871,23,968,6,0.02266970068601198
labelled_2021may-ip-10-100-1-95.csv,4,2,3871,23,968,6,0.024455722010513718
labelled_2021may-ip-10-100-1-95.csv,4,3,3871,23,968,6,0.022434703334142332
labelled_2021may-ip-10-100-1-95.csv,4,4,3871,23,968,6,0.03552080825082212
labelled_2021may-ip-10-100-1-95.csv,4,5,3872,24,967,5,0.023234735554515155
labelled_2021may-ip-10-100-1-95.csv,5,1,3871,23,968,6,0.02779764980370273
labelled_2021may-ip-10-100-1-95.csv,5,2,3871,23,968,6,0.03693426154141543
labelled_2021may-ip-10-100-1-95.csv,5,3,3871,23,968,6,0.02834169852838473
labelled_2021may-ip-10-100-1-95.csv,5,4,3871,23,968,6,0.022709954846712746
labelled_2021may-ip-10-100-1-95.csv,5,5,3872,24,967,5,0.02604661498638813
labelled_2021may-ip-10-100-1-95.csv,6,1,3871,23,968,6,0.025595704043448148
labelled_2021may-ip-10-100-1-95.csv,6,2,3871,23,968,6,0.030292816776747073
labelled_2021may-ip-10-100-1-95.csv,6,3,3871,23,968,6,0.04242693782406691
labelled_2021may-ip-10-100-1-95.csv,6,4,3871,23,968,6,0.0200218690623193
labelled_2021may-ip-10-100-1-95.csv,6,5,3872,24,967,5,0.022417843081388385
labelled_2021may-ip-10-100-1-95.csv,7,1,3871,23,968,6,0.030969202911724725
labelled_2021may-ip-10-100-1-95.csv,7,2,3871,23,968,6,0.026026361916619944
labelled_2021may-ip-10-100-1-95.csv,7,3,3871,23,968,6,0.0254160179616881
labelled_2021may-ip-10-100-1-95.csv,7,4,3871,23,968,6,0.031193893722131386
labelled_2021may-ip-10-100-1-95.csv,7,5,3872,24,967,5,0.030435170031138655
labelled_2021may-ip-10-100-1-95.csv,8,1,3871,23,968,6,0.021691967590590527
labelled_2021may-ip-10-100-1-95.csv,8,2,3871,23,968,6,0.03974982956415833
labelled_2021may-ip-10-100-1-95.csv,8,3,3871,23,968,6,0.028355312282443493
labelled_2021may-ip-10-100-1-95.csv,8,4,3871,23,968,6,0.04362905937611155
labelled_2021may-ip-10-100-1-95.csv,8,5,3872,24,967,5,0.0367041968319552
labelled_2021may-ip-10-100-1-95.csv,9,1,3871,23,968,6,0.03411507283371489
labelled_2021may-ip-10-100-1-95.csv,9,2,3871,23,968,6,0.03234563639791328
labelled_2021may-ip-10-100-1-95.csv,9,3,3871,23,968,6,0.048144690606654064
labelled_2021may-ip-10-100-1-95.csv,9,4,3871,23,968,6,0.021100351653421407
labelled_2021may-ip-10-100-1-95.csv,9,5,3872,24,967,5,0.028086406927031866
labelled_2021may-ip-10-100-1-95.csv,10,1,3871,23,968,6,0.025550960071006764
labelled_2021may-ip-10-100-1-95.csv,10,2,3871,23,968,6,0.033645714324688034
labelled_2021may-ip-10-100-1-95.csv,10,3,3871,23,968,6,0.03836144600692087
labelled_2021may-ip-10-100-1-95.csv,10,4,3871,23,968,6,0.011323709377421672
labelled_2021may-ip-10-100-1-95.csv,10,5,3872,24,967,5,0.03256113592523404
labelled_2021may-ubuntu.csv,1,1,4532,24,1133,5,0.024766192014509348
labelled_2021may-ubuntu.csv,1,2,4532,23,1133,6,0.024619742682171188
labelled_2021may-ubuntu.csv,1,3,4532,23,1133,6,0.0338553899915104
labelled_2021may-ubuntu.csv,1,4,4532,23,1133,6,0.022680318343615922
labelled_2021may-ubuntu.csv,1,5,4532,23,1133,6,0.019640391060281957
labelled_2021may-ubuntu.csv,2,1,4532,24,1133,5,0.02790767103903875
labelled_2021may-ubuntu.csv,2,2,4532,23,1133,6,0.01944555046001176
labelled_2021may-ubuntu.csv,2,3,4532,23,1133,6,0.022631543768859765
labelled_2021may-ubuntu.csv,2,4,4532,23,1133,6,0.022756189053625104
labelled_2021may-ubuntu.csv,2,5,4532,23,1133,6,0.02244481195884657
labelled_2021may-ubuntu.csv,3,1,4532,24,1133,5,0.02258083015861766
labelled_2021may-ubuntu.csv,3,2,4532,23,1133,6,0.031115323000836116
labelled_2021may-ubuntu.csv,3,3,4532,23,1133,6,0.0252442091379815
labelled_2021may-ubuntu.csv,3,4,4532,23,1133,6,0.028362253326499765
labelled_2021may-ubuntu.csv,3,5,4532,23,1133,6,0.02113288543200201
labelled_2021may-ubuntu.csv,4,1,4532,24,1133,5,0.021072663687526392
labelled_2021may-ubuntu.csv,4,2,4532,23,1133,6,0.028163400530124675
labelled_2021may-ubuntu.csv,4,3,4532,23,1133,6,0.02538751469806383
labelled_2021may-ubuntu.csv,4,4,4532,23,1133,6,0.018960851071572412
labelled_2021may-ubuntu.csv,4,5,4532,23,1133,6,0.0252996484369519
labelled_2021may-ubuntu.csv,5,1,4532,24,1133,5,0.019502015330523613
labelled_2021may-ubuntu.csv,5,2,4532,23,1133,6,0.021158831771840417
labelled_2021may-ubuntu.csv,5,3,4532,23,1133,6,0.01990175119828833
labelled_2021may-ubuntu.csv,5,4,4532,23,1133,6,0.023527540081271663
labelled_2021may-ubuntu.csv,5,5,4532,23,1133,6,0.026774924616145068
labelled_2021may-ubuntu.csv,6,1,4532,24,1133,5,0.025480953954870555
labelled_2021may-ubuntu.csv,6,2,4532,23,1133,6,0.02209601682682952
labelled_2021may-ubuntu.csv,6,3,4532,23,1133,6,0.025366065062420284
labelled_2021may-ubuntu.csv,6,4,4532,23,1133,6,0.028375683012848946
labelled_2021may-ubuntu.csv,6,5,4532,23,1133,6,0.023273840439310505
labelled_2021may-ubuntu.csv,7,1,4532,24,1133,5,0.028023991664557595
labelled_2021may-ubuntu.csv,7,2,4532,23,1133,6,0.019756741603567208
labelled_2021may-ubuntu.csv,7,3,4532,23,1133,6,0.017186360709253747
labelled_2021may-ubuntu.csv,7,4,4532,23,1133,6,0.025994039502067814
labelled_2021may-ubuntu.csv,7,5,4532,23,1133,6,0.027141303379790368
labelled_2021may-ubuntu.csv,8,1,4532,24,1133,5,0.029975426371755688
labelled_2021may-ubuntu.csv,8,2,4532,23,1133,6,0.026981445785306434
labelled_2021may-ubuntu.csv,8,3,4532,23,1133,6,0.039329191958266174
labelled_2021may-ubuntu.csv,8,4,4532,23,1133,6,0.02249858825860426
labelled_2021may-ubuntu.csv,8,5,4532,23,1133,6,0.02170145747678113
labelled_2021may-ubuntu.csv,9,1,4532,24,1133,5,0.016985077648013335
labelled_2021may-ubuntu.csv,9,2,4532,23,1133,6,0.019809064182746968
labelled_2021may-ubuntu.csv,9,3,4532,23,1133,6,0.01802463243425459
labelled_2021may-ubuntu.csv,9,4,4532,23,1133,6,0.04794553077334384
labelled_2021may-ubuntu.csv,9,5,4532,23,1133,6,0.025534037100196635
labelled_2021may-ubuntu.csv,10,1,4532,24,1133,5,0.03132886913313699
labelled_2021may-ubuntu.csv,10,2,4532,23,1133,6,0.022693813018672477
labelled_2021may-ubuntu.csv,10,3,4532,23,1133,6,0.02454488837100603
labelled_2021may-ubuntu.csv,10,4,4532,23,1133,6,0.028388261228026204
labelled_2021may-ubuntu.csv,10,5,4532,23,1133,6,0.021394054858054963
