threshold,fn_cost,fp_cost,expected_cost,fp,fn,tp,tn,f1,precision,recall
0.0,1,1,77,77,0,121,0,0.7586206896551724,0.6111111111111112,1.0
0.0,5,1,77,77,0,121,0,0.7586206896551724,0.6111111111111112,1.0
0.0,10,1,77,77,0,121,0,0.7586206896551724,0.6111111111111112,1.0
0.0,25,1,77,77,0,121,0,0.7586206896551724,0.6111111111111112,1.0
0.0,50,1,77,77,0,121,0,0.7586206896551724,0.6111111111111112,1.0
0.0009301919720767986,1,1,68,50,18,103,27,0.7518248175182481,0.673202614379085,0.8512396694214877
0.0009301919720767986,5,1,140,50,18,103,27,0.7518248175182481,0.673202614379085,0.8512396694214877
0.0009301919720767986,10,1,230,50,18,103,27,0.7518248175182481,0.673202614379085,0.8512396694214877
0.0009301919720767986,25,1,500,50,18,103,27,0.7518248175182481,0.673202614379085,0.8512396694214877
0.0009301919720767986,50,1,950,50,18,103,27,0.7518248175182481,0.673202614379085,0.8512396694214877
0.0030889669916130996,1,1,67,49,18,103,28,0.7545787545787546,0.6776315789473685,0.8512396694214877
0.0030889669916130996,5,1,139,49,18,103,28,0.7545787545787546,0.6776315789473685,0.8512396694214877
0.0030889669916130996,10,1,229,49,18,103,28,0.7545787545787546,0.6776315789473685,0.8512396694214877
0.0030889669916130996,25,1,499,49,18,103,28,0.7545787545787546,0.6776315789473685,0.8512396694214877
0.0030889669916130996,50,1,949,49,18,103,28,0.7545787545787546,0.6776315789473685,0.8512396694214877
0.0035938641344046797,1,1,67,49,18,103,28,0.7545787545787546,0.6776315789473685,0.8512396694214877
0.0035938641344046797,5,1,139,49,18,103,28,0.7545787545787546,0.6776315789473685,0.8512396694214877
0.0035938641344046797,10,1,229,49,18,103,28,0.7545787545787546,0.6776315789473685,0.8512396694214877
0.0035938641344046797,25,1,499,49,18,103,28,0.7545787545787546,0.6776315789473685,0.8512396694214877
0.0035938641344046797,50,1,949,49,18,103,28,0.7545787545787546,0.6776315789473685,0.8512396694214877
0.0036320097734355086,1,1,69,49,20,101,28,0.7453874538745388,0.6733333333333333,0.8347107438016529
0.0036320097734355086,5,1,149,49,20,101,28,0.7453874538745388,0.6733333333333333,0.8347107438016529
0.0036320097734355086,10,1,249,49,20,101,28,0.7453874538745388,0.6733333333333333,0.8347107438016529
0.0036320097734355086,25,1,549,49,20,101,28,0.7453874538745388,0.6733333333333333,0.8347107438016529
0.0036320097734355086,50,1,1049,49,20,101,28,0.7453874538745388,0.6733333333333333,0.8347107438016529
0.0037300985595147833,1,1,69,49,20,101,28,0.7453874538745388,0.6733333333333333,0.8347107438016529
0.0037300985595147833,5,1,149,49,20,101,28,0.7453874538745388,0.6733333333333333,0.8347107438016529
0.0037300985595147833,10,1,249,49,20,101,28,0.7453874538745388,0.6733333333333333,0.8347107438016529
0.0037300985595147833,25,1,549,49,20,101,28,0.7453874538745388,0.6733333333333333,0.8347107438016529
0.0037300985595147833,50,1,1049,49,20,101,28,0.7453874538745388,0.6733333333333333,0.8347107438016529
0.003945603281927961,1,1,72,48,24,97,29,0.7293233082706767,0.6689655172413793,0.8016528925619835
0.003945603281927961,5,1,168,48,24,97,29,0.7293233082706767,0.6689655172413793,0.8016528925619835
0.003945603281927961,10,1,288,48,24,97,29,0.7293233082706767,0.6689655172413793,0.8016528925619835
0.003945603281927961,25,1,648,48,24,97,29,0.7293233082706767,0.6689655172413793,0.8016528925619835
0.003945603281927961,50,1,1248,48,24,97,29,0.7293233082706767,0.6689655172413793,0.8016528925619835
0.004781341107871721,1,1,72,48,24,97,29,0.7293233082706767,0.6689655172413793,0.8016528925619835
0.004781341107871721,5,1,168,48,24,97,29,0.7293233082706767,0.6689655172413793,0.8016528925619835
0.004781341107871721,10,1,288,48,24,97,29,0.7293233082706767,0.6689655172413793,0.8016528925619835
0.004781341107871721,25,1,648,48,24,97,29,0.7293233082706767,0.6689655172413793,0.8016528925619835
0.004781341107871721,50,1,1248,48,24,97,29,0.7293233082706767,0.6689655172413793,0.8016528925619835
0.0047823495023299025,1,1,67,43,24,97,34,0.7432950191570882,0.6928571428571428,0.8016528925619835
0.0047823495023299025,5,1,163,43,24,97,34,0.7432950191570882,0.6928571428571428,0.8016528925619835
0.0047823495023299025,10,1,283,43,24,97,34,0.7432950191570882,0.6928571428571428,0.8016528925619835
0.0047823495023299025,25,1,643,43,24,97,34,0.7432950191570882,0.6928571428571428,0.8016528925619835
0.0047823495023299025,50,1,1243,43,24,97,34,0.7432950191570882,0.6928571428571428,0.8016528925619835
0.004801897536395625,1,1,66,42,24,97,35,0.7461538461538462,0.697841726618705,0.8016528925619835
0.004801897536395625,5,1,162,42,24,97,35,0.7461538461538462,0.697841726618705,0.8016528925619835
0.004801897536395625,10,1,282,42,24,97,35,0.7461538461538462,0.697841726618705,0.8016528925619835
0.004801897536395625,25,1,642,42,24,97,35,0.7461538461538462,0.697841726618705,0.8016528925619835
0.004801897536395625,50,1,1242,42,24,97,35,0.7461538461538462,0.697841726618705,0.8016528925619835
0.004902851058229545,1,1,65,41,24,97,36,0.749034749034749,0.7028985507246377,0.8016528925619835
0.004902851058229545,5,1,161,41,24,97,36,0.749034749034749,0.7028985507246377,0.8016528925619835
0.004902851058229545,10,1,281,41,24,97,36,0.749034749034749,0.7028985507246377,0.8016528925619835
0.004902851058229545,25,1,641,41,24,97,36,0.749034749034749,0.7028985507246377,0.8016528925619835
0.004902851058229545,50,1,1241,41,24,97,36,0.749034749034749,0.7028985507246377,0.8016528925619835
0.004927030652382766,1,1,64,40,24,97,37,0.751937984496124,0.708029197080292,0.8016528925619835
0.004927030652382766,5,1,160,40,24,97,37,0.751937984496124,0.708029197080292,0.8016528925619835
0.004927030652382766,10,1,280,40,24,97,37,0.751937984496124,0.708029197080292,0.8016528925619835
0.004927030652382766,25,1,640,40,24,97,37,0.751937984496124,0.708029197080292,0.8016528925619835
0.004927030652382766,50,1,1240,40,24,97,37,0.751937984496124,0.708029197080292,0.8016528925619835
0.004951449851790216,1,1,65,40,25,96,37,0.7470817120622568,0.7058823529411765,0.7933884297520661
0.004951449851790216,5,1,165,40,25,96,37,0.7470817120622568,0.7058823529411765,0.7933884297520661
0.004951449851790216,10,1,290,40,25,96,37,0.7470817120622568,0.7058823529411765,0.7933884297520661
0.004951449851790216,25,1,665,40,25,96,37,0.7470817120622568,0.7058823529411765,0.7933884297520661
0.004951449851790216,50,1,1290,40,25,96,37,0.7470817120622568,0.7058823529411765,0.7933884297520661
0.004974721941354904,1,1,65,40,25,96,37,0.7470817120622568,0.7058823529411765,0.7933884297520661
0.004974721941354904,5,1,165,40,25,96,37,0.7470817120622568,0.7058823529411765,0.7933884297520661
0.004974721941354904,10,1,290,40,25,96,37,0.7470817120622568,0.7058823529411765,0.7933884297520661
0.004974721941354904,25,1,665,40,25,96,37,0.7470817120622568,0.7058823529411765,0.7933884297520661
0.004974721941354904,50,1,1290,40,25,96,37,0.7470817120622568,0.7058823529411765,0.7933884297520661
0.004979656382146936,1,1,70,40,30,91,37,0.7222222222222222,0.6946564885496184,0.7520661157024794
0.004979656382146936,5,1,190,40,30,91,37,0.7222222222222222,0.6946564885496184,0.7520661157024794
0.004979656382146936,10,1,340,40,30,91,37,0.7222222222222222,0.6946564885496184,0.7520661157024794
0.004979656382146936,25,1,790,40,30,91,37,0.7222222222222222,0.6946564885496184,0.7520661157024794
0.004979656382146936,50,1,1540,40,30,91,37,0.7222222222222222,0.6946564885496184,0.7520661157024794
0.007962479577849119,1,1,71,40,31,90,37,0.7171314741035857,0.6923076923076923,0.743801652892562
0.007962479577849119,5,1,195,40,31,90,37,0.7171314741035857,0.6923076923076923,0.743801652892562
0.007962479577849119,10,1,350,40,31,90,37,0.7171314741035857,0.6923076923076923,0.743801652892562
0.007962479577849119,25,1,815,40,31,90,37,0.7171314741035857,0.6923076923076923,0.743801652892562
0.007962479577849119,50,1,1590,40,31,90,37,0.7171314741035857,0.6923076923076923,0.743801652892562
0.008408732794985824,1,1,72,40,32,89,37,0.712,0.689922480620155,0.7355371900826446
0.008408732794985824,5,1,200,40,32,89,37,0.712,0.689922480620155,0.7355371900826446
0.008408732794985824,10,1,360,40,32,89,37,0.712,0.689922480620155,0.7355371900826446
0.008408732794985824,25,1,840,40,32,89,37,0.712,0.689922480620155,0.7355371900826446
0.008408732794985824,50,1,1640,40,32,89,37,0.712,0.689922480620155,0.7355371900826446
0.008640171150267351,1,1,71,39,32,89,38,0.714859437751004,0.6953125,0.7355371900826446
0.008640171150267351,5,1,199,39,32,89,38,0.714859437751004,0.6953125,0.7355371900826446
0.008640171150267351,10,1,359,39,32,89,38,0.714859437751004,0.6953125,0.7355371900826446
0.008640171150267351,25,1,839,39,32,89,38,0.714859437751004,0.6953125,0.7355371900826446
0.008640171150267351,50,1,1639,39,32,89,38,0.714859437751004,0.6953125,0.7355371900826446
0.00870083673955529,1,1,70,38,32,89,39,0.717741935483871,0.7007874015748031,0.7355371900826446
0.00870083673955529,5,1,198,38,32,89,39,0.717741935483871,0.7007874015748031,0.7355371900826446
0.00870083673955529,10,1,358,38,32,89,39,0.717741935483871,0.7007874015748031,0.7355371900826446
0.00870083673955529,25,1,838,38,32,89,39,0.717741935483871,0.7007874015748031,0.7355371900826446
0.00870083673955529,50,1,1638,38,32,89,39,0.717741935483871,0.7007874015748031,0.7355371900826446
0.009403459312459781,1,1,71,38,33,88,39,0.7125506072874493,0.6984126984126984,0.7272727272727273
0.009403459312459781,5,1,203,38,33,88,39,0.7125506072874493,0.6984126984126984,0.7272727272727273
0.009403459312459781,10,1,368,38,33,88,39,0.7125506072874493,0.6984126984126984,0.7272727272727273
0.009403459312459781,25,1,863,38,33,88,39,0.7125506072874493,0.6984126984126984,0.7272727272727273
0.009403459312459781,50,1,1688,38,33,88,39,0.7125506072874493,0.6984126984126984,0.7272727272727273
0.009744833140659022,1,1,72,38,34,87,39,0.7073170731707317,0.696,0.71900826446281
0.009744833140659022,5,1,208,38,34,87,39,0.7073170731707317,0.696,0.71900826446281
0.009744833140659022,10,1,378,38,34,87,39,0.7073170731707317,0.696,0.71900826446281
0.009744833140659022,25,1,888,38,34,87,39,0.7073170731707317,0.696,0.71900826446281
0.009744833140659022,50,1,1738,38,34,87,39,0.7073170731707317,0.696,0.71900826446281
0.009819403063896857,1,1,71,37,34,87,40,0.710204081632653,0.7016129032258065,0.71900826446281
0.009819403063896857,5,1,207,37,34,87,40,0.710204081632653,0.7016129032258065,0.71900826446281
0.009819403063896857,10,1,377,37,34,87,40,0.710204081632653,0.7016129032258065,0.71900826446281
0.009819403063896857,25,1,887,37,34,87,40,0.710204081632653,0.7016129032258065,0.71900826446281
0.009819403063896857,50,1,1737,37,34,87,40,0.710204081632653,0.7016129032258065,0.71900826446281
0.009827851448913814,1,1,72,37,35,86,40,0.7049180327868853,0.6991869918699187,0.7107438016528925
0.009827851448913814,5,1,212,37,35,86,40,0.7049180327868853,0.6991869918699187,0.7107438016528925
0.009827851448913814,10,1,387,37,35,86,40,0.7049180327868853,0.6991869918699187,0.7107438016528925
0.009827851448913814,25,1,912,37,35,86,40,0.7049180327868853,0.6991869918699187,0.7107438016528925
0.009827851448913814,50,1,1787,37,35,86,40,0.7049180327868853,0.6991869918699187,0.7107438016528925
0.009909942327017892,1,1,71,36,35,86,41,0.7078189300411523,0.7049180327868853,0.7107438016528925
0.009909942327017892,5,1,211,36,35,86,41,0.7078189300411523,0.7049180327868853,0.7107438016528925
0.009909942327017892,10,1,386,36,35,86,41,0.7078189300411523,0.7049180327868853,0.7107438016528925
0.009909942327017892,25,1,911,36,35,86,41,0.7078189300411523,0.7049180327868853,0.7107438016528925
0.009909942327017892,50,1,1786,36,35,86,41,0.7078189300411523,0.7049180327868853,0.7107438016528925
0.009945486734219128,1,1,70,35,35,86,42,0.7107438016528925,0.7107438016528925,0.7107438016528925
0.009945486734219128,5,1,210,35,35,86,42,0.7107438016528925,0.7107438016528925,0.7107438016528925
0.009945486734219128,10,1,385,35,35,86,42,0.7107438016528925,0.7107438016528925,0.7107438016528925
0.009945486734219128,25,1,910,35,35,86,42,0.7107438016528925,0.7107438016528925,0.7107438016528925
0.009945486734219128,50,1,1785,35,35,86,42,0.7107438016528925,0.7107438016528925,0.7107438016528925
0.009970092547194187,1,1,69,34,35,86,43,0.7136929460580913,0.7166666666666667,0.7107438016528925
0.009970092547194187,5,1,209,34,35,86,43,0.7136929460580913,0.7166666666666667,0.7107438016528925
0.009970092547194187,10,1,384,34,35,86,43,0.7136929460580913,0.7166666666666667,0.7107438016528925
0.009970092547194187,25,1,909,34,35,86,43,0.7136929460580913,0.7166666666666667,0.7107438016528925
0.009970092547194187,50,1,1784,34,35,86,43,0.7136929460580913,0.7166666666666667,0.7107438016528925
0.01238648961234292,1,1,68,33,35,86,44,0.7166666666666667,0.7226890756302521,0.7107438016528925
0.01238648961234292,5,1,208,33,35,86,44,0.7166666666666667,0.7226890756302521,0.7107438016528925
0.01238648961234292,10,1,383,33,35,86,44,0.7166666666666667,0.7226890756302521,0.7107438016528925
0.01238648961234292,25,1,908,33,35,86,44,0.7166666666666667,0.7226890756302521,0.7107438016528925
0.01238648961234292,50,1,1783,33,35,86,44,0.7166666666666667,0.7226890756302521,0.7107438016528925
0.014072009708169436,1,1,69,33,36,85,44,0.7112970711297071,0.7203389830508474,0.7024793388429752
0.014072009708169436,5,1,213,33,36,85,44,0.7112970711297071,0.7203389830508474,0.7024793388429752
0.014072009708169436,10,1,393,33,36,85,44,0.7112970711297071,0.7203389830508474,0.7024793388429752
0.014072009708169436,25,1,933,33,36,85,44,0.7112970711297071,0.7203389830508474,0.7024793388429752
0.014072009708169436,50,1,1833,33,36,85,44,0.7112970711297071,0.7203389830508474,0.7024793388429752
0.014701558478178153,1,1,68,32,36,85,45,0.7142857142857143,0.7264957264957265,0.7024793388429752
0.014701558478178153,5,1,212,32,36,85,45,0.7142857142857143,0.7264957264957265,0.7024793388429752
0.014701558478178153,10,1,392,32,36,85,45,0.7142857142857143,0.7264957264957265,0.7024793388429752
0.014701558478178153,25,1,932,32,36,85,45,0.7142857142857143,0.7264957264957265,0.7024793388429752
0.014701558478178153,50,1,1832,32,36,85,45,0.7142857142857143,0.7264957264957265,0.7024793388429752
0.014875155036768355,1,1,67,31,36,85,46,0.7172995780590717,0.7327586206896551,0.7024793388429752
0.014875155036768355,5,1,211,31,36,85,46,0.7172995780590717,0.7327586206896551,0.7024793388429752
0.014875155036768355,10,1,391,31,36,85,46,0.7172995780590717,0.7327586206896551,0.7024793388429752
0.014875155036768355,25,1,931,31,36,85,46,0.7172995780590717,0.7327586206896551,0.7024793388429752
0.014875155036768355,50,1,1831,31,36,85,46,0.7172995780590717,0.7327586206896551,0.7024793388429752
0.014899532149327429,1,1,66,30,36,85,47,0.7203389830508474,0.7391304347826086,0.7024793388429752
0.014899532149327429,5,1,210,30,36,85,47,0.7203389830508474,0.7391304347826086,0.7024793388429752
0.014899532149327429,10,1,390,30,36,85,47,0.7203389830508474,0.7391304347826086,0.7024793388429752
0.014899532149327429,25,1,930,30,36,85,47,0.7203389830508474,0.7391304347826086,0.7024793388429752
0.014899532149327429,50,1,1830,30,36,85,47,0.7203389830508474,0.7391304347826086,0.7024793388429752
0.01490878694080462,1,1,65,29,36,85,48,0.723404255319149,0.7456140350877193,0.7024793388429752
0.01490878694080462,5,1,209,29,36,85,48,0.723404255319149,0.7456140350877193,0.7024793388429752
0.01490878694080462,10,1,389,29,36,85,48,0.723404255319149,0.7456140350877193,0.7024793388429752
0.01490878694080462,25,1,929,29,36,85,48,0.723404255319149,0.7456140350877193,0.7024793388429752
0.01490878694080462,50,1,1829,29,36,85,48,0.723404255319149,0.7456140350877193,0.7024793388429752
0.014938613295186257,1,1,64,28,36,85,49,0.7264957264957265,0.7522123893805309,0.7024793388429752
0.014938613295186257,5,1,208,28,36,85,49,0.7264957264957265,0.7522123893805309,0.7024793388429752
0.014938613295186257,10,1,388,28,36,85,49,0.7264957264957265,0.7522123893805309,0.7024793388429752
0.014938613295186257,25,1,928,28,36,85,49,0.7264957264957265,0.7522123893805309,0.7024793388429752
0.014938613295186257,50,1,1828,28,36,85,49,0.7264957264957265,0.7522123893805309,0.7024793388429752
0.017381987601843406,1,1,65,28,37,84,49,0.721030042918455,0.75,0.6942148760330579
0.017381987601843406,5,1,213,28,37,84,49,0.721030042918455,0.75,0.6942148760330579
0.017381987601843406,10,1,398,28,37,84,49,0.721030042918455,0.75,0.6942148760330579
0.017381987601843406,25,1,953,28,37,84,49,0.721030042918455,0.75,0.6942148760330579
0.017381987601843406,50,1,1878,28,37,84,49,0.721030042918455,0.75,0.6942148760330579
0.01844953490058061,1,1,65,28,37,84,49,0.721030042918455,0.75,0.6942148760330579
0.01844953490058061,5,1,213,28,37,84,49,0.721030042918455,0.75,0.6942148760330579
0.01844953490058061,10,1,398,28,37,84,49,0.721030042918455,0.75,0.6942148760330579
0.01844953490058061,25,1,953,28,37,84,49,0.721030042918455,0.75,0.6942148760330579
0.01844953490058061,50,1,1878,28,37,84,49,0.721030042918455,0.75,0.6942148760330579
0.018478443318850287,1,1,67,28,39,82,49,0.70995670995671,0.7454545454545455,0.6776859504132231
0.018478443318850287,5,1,223,28,39,82,49,0.70995670995671,0.7454545454545455,0.6776859504132231
0.018478443318850287,10,1,418,28,39,82,49,0.70995670995671,0.7454545454545455,0.6776859504132231
0.018478443318850287,25,1,1003,28,39,82,49,0.70995670995671,0.7454545454545455,0.6776859504132231
0.018478443318850287,50,1,1978,28,39,82,49,0.70995670995671,0.7454545454545455,0.6776859504132231
0.01905111266380247,1,1,68,28,40,81,49,0.7043478260869566,0.7431192660550459,0.6694214876033058
0.01905111266380247,5,1,228,28,40,81,49,0.7043478260869566,0.7431192660550459,0.6694214876033058
0.01905111266380247,10,1,428,28,40,81,49,0.7043478260869566,0.7431192660550459,0.6694214876033058
0.01905111266380247,25,1,1028,28,40,81,49,0.7043478260869566,0.7431192660550459,0.6694214876033058
0.01905111266380247,50,1,2028,28,40,81,49,0.7043478260869566,0.7431192660550459,0.6694214876033058
0.019351631525561866,1,1,68,28,40,81,49,0.7043478260869566,0.7431192660550459,0.6694214876033058
0.019351631525561866,5,1,228,28,40,81,49,0.7043478260869566,0.7431192660550459,0.6694214876033058
0.019351631525561866,10,1,428,28,40,81,49,0.7043478260869566,0.7431192660550459,0.6694214876033058
0.019351631525561866,25,1,1028,28,40,81,49,0.7043478260869566,0.7431192660550459,0.6694214876033058
0.019351631525561866,50,1,2028,28,40,81,49,0.7043478260869566,0.7431192660550459,0.6694214876033058
0.01966916596302762,1,1,66,26,40,81,51,0.7105263157894737,0.7570093457943925,0.6694214876033058
0.01966916596302762,5,1,226,26,40,81,51,0.7105263157894737,0.7570093457943925,0.6694214876033058
0.01966916596302762,10,1,426,26,40,81,51,0.7105263157894737,0.7570093457943925,0.6694214876033058
0.01966916596302762,25,1,1026,26,40,81,51,0.7105263157894737,0.7570093457943925,0.6694214876033058
0.01966916596302762,50,1,2026,26,40,81,51,0.7105263157894737,0.7570093457943925,0.6694214876033058
0.019885021716480596,1,1,65,25,40,81,52,0.7136563876651982,0.7641509433962265,0.6694214876033058
0.019885021716480596,5,1,225,25,40,81,52,0.7136563876651982,0.7641509433962265,0.6694214876033058
0.019885021716480596,10,1,425,25,40,81,52,0.7136563876651982,0.7641509433962265,0.6694214876033058
0.019885021716480596,25,1,1025,25,40,81,52,0.7136563876651982,0.7641509433962265,0.6694214876033058
0.019885021716480596,50,1,2025,25,40,81,52,0.7136563876651982,0.7641509433962265,0.6694214876033058
0.019899037806210367,1,1,64,24,40,81,53,0.7168141592920354,0.7714285714285715,0.6694214876033058
0.019899037806210367,5,1,224,24,40,81,53,0.7168141592920354,0.7714285714285715,0.6694214876033058
0.019899037806210367,10,1,424,24,40,81,53,0.7168141592920354,0.7714285714285715,0.6694214876033058
0.019899037806210367,25,1,1024,24,40,81,53,0.7168141592920354,0.7714285714285715,0.6694214876033058
0.019899037806210367,50,1,2024,24,40,81,53,0.7168141592920354,0.7714285714285715,0.6694214876033058
0.021965613949127317,1,1,65,24,41,80,53,0.7111111111111111,0.7692307692307693,0.6611570247933884
0.021965613949127317,5,1,229,24,41,80,53,0.7111111111111111,0.7692307692307693,0.6611570247933884
0.021965613949127317,10,1,434,24,41,80,53,0.7111111111111111,0.7692307692307693,0.6611570247933884
0.021965613949127317,25,1,1049,24,41,80,53,0.7111111111111111,0.7692307692307693,0.6611570247933884
0.021965613949127317,50,1,2074,24,41,80,53,0.7111111111111111,0.7692307692307693,0.6611570247933884
0.024178675857079588,1,1,66,24,42,79,53,0.7053571428571429,0.7669902912621359,0.6528925619834711
0.024178675857079588,5,1,234,24,42,79,53,0.7053571428571429,0.7669902912621359,0.6528925619834711
0.024178675857079588,10,1,444,24,42,79,53,0.7053571428571429,0.7669902912621359,0.6528925619834711
0.024178675857079588,25,1,1074,24,42,79,53,0.7053571428571429,0.7669902912621359,0.6528925619834711
0.024178675857079588,50,1,2124,24,42,79,53,0.7053571428571429,0.7669902912621359,0.6528925619834711
0.02480268030233678,1,1,65,23,42,79,54,0.7085201793721974,0.7745098039215687,0.6528925619834711
0.02480268030233678,5,1,233,23,42,79,54,0.7085201793721974,0.7745098039215687,0.6528925619834711
0.02480268030233678,10,1,443,23,42,79,54,0.7085201793721974,0.7745098039215687,0.6528925619834711
0.02480268030233678,25,1,1073,23,42,79,54,0.7085201793721974,0.7745098039215687,0.6528925619834711
0.02480268030233678,50,1,2123,23,42,79,54,0.7085201793721974,0.7745098039215687,0.6528925619834711
0.024889462201137275,1,1,64,22,42,79,55,0.7117117117117117,0.7821782178217822,0.6528925619834711
0.024889462201137275,5,1,232,22,42,79,55,0.7117117117117117,0.7821782178217822,0.6528925619834711
0.024889462201137275,10,1,442,22,42,79,55,0.7117117117117117,0.7821782178217822,0.6528925619834711
0.024889462201137275,25,1,1072,22,42,79,55,0.7117117117117117,0.7821782178217822,0.6528925619834711
0.024889462201137275,50,1,2122,22,42,79,55,0.7117117117117117,0.7821782178217822,0.6528925619834711
0.027365177236265647,1,1,63,21,42,79,56,0.7149321266968326,0.79,0.6528925619834711
0.027365177236265647,5,1,231,21,42,79,56,0.7149321266968326,0.79,0.6528925619834711
0.027365177236265647,10,1,441,21,42,79,56,0.7149321266968326,0.79,0.6528925619834711
0.027365177236265647,25,1,1071,21,42,79,56,0.7149321266968326,0.79,0.6528925619834711
0.027365177236265647,50,1,2121,21,42,79,56,0.7149321266968326,0.79,0.6528925619834711
0.029716976772679156,1,1,64,21,43,78,56,0.7090909090909091,0.7878787878787878,0.6446280991735537
0.029716976772679156,5,1,236,21,43,78,56,0.7090909090909091,0.7878787878787878,0.6446280991735537
0.029716976772679156,10,1,451,21,43,78,56,0.7090909090909091,0.7878787878787878,0.6446280991735537
0.029716976772679156,25,1,1096,21,43,78,56,0.7090909090909091,0.7878787878787878,0.6446280991735537
0.029716976772679156,50,1,2171,21,43,78,56,0.7090909090909091,0.7878787878787878,0.6446280991735537
0.0297706657636914,1,1,65,21,44,77,56,0.7031963470319634,0.7857142857142857,0.6363636363636364
0.0297706657636914,5,1,241,21,44,77,56,0.7031963470319634,0.7857142857142857,0.6363636363636364
0.0297706657636914,10,1,461,21,44,77,56,0.7031963470319634,0.7857142857142857,0.6363636363636364
0.0297706657636914,25,1,1121,21,44,77,56,0.7031963470319634,0.7857142857142857,0.6363636363636364
0.0297706657636914,50,1,2221,21,44,77,56,0.7031963470319634,0.7857142857142857,0.6363636363636364
0.029814980889001672,1,1,64,20,44,77,57,0.7064220183486238,0.7938144329896907,0.6363636363636364
0.029814980889001672,5,1,240,20,44,77,57,0.7064220183486238,0.7938144329896907,0.6363636363636364
0.029814980889001672,10,1,460,20,44,77,57,0.7064220183486238,0.7938144329896907,0.6363636363636364
0.029814980889001672,25,1,1120,20,44,77,57,0.7064220183486238,0.7938144329896907,0.6363636363636364
0.029814980889001672,50,1,2220,20,44,77,57,0.7064220183486238,0.7938144329896907,0.6363636363636364
0.029844334153751546,1,1,63,19,44,77,58,0.7096774193548387,0.8020833333333334,0.6363636363636364
0.029844334153751546,5,1,239,19,44,77,58,0.7096774193548387,0.8020833333333334,0.6363636363636364
0.029844334153751546,10,1,459,19,44,77,58,0.7096774193548387,0.8020833333333334,0.6363636363636364
0.029844334153751546,25,1,1119,19,44,77,58,0.7096774193548387,0.8020833333333334,0.6363636363636364
0.029844334153751546,50,1,2219,19,44,77,58,0.7096774193548387,0.8020833333333334,0.6363636363636364
0.029848840260979427,1,1,63,19,44,77,58,0.7096774193548387,0.8020833333333334,0.6363636363636364
0.029848840260979427,5,1,239,19,44,77,58,0.7096774193548387,0.8020833333333334,0.6363636363636364
0.029848840260979427,10,1,459,19,44,77,58,0.7096774193548387,0.8020833333333334,0.6363636363636364
0.029848840260979427,25,1,1119,19,44,77,58,0.7096774193548387,0.8020833333333334,0.6363636363636364
0.029848840260979427,50,1,2219,19,44,77,58,0.7096774193548387,0.8020833333333334,0.6363636363636364
0.0298650081999941,1,1,66,19,47,74,58,0.6915887850467289,0.7956989247311828,0.6115702479338843
0.0298650081999941,5,1,254,19,47,74,58,0.6915887850467289,0.7956989247311828,0.6115702479338843
0.0298650081999941,10,1,489,19,47,74,58,0.6915887850467289,0.7956989247311828,0.6115702479338843
0.0298650081999941,25,1,1194,19,47,74,58,0.6915887850467289,0.7956989247311828,0.6115702479338843
0.0298650081999941,50,1,2369,19,47,74,58,0.6915887850467289,0.7956989247311828,0.6115702479338843
0.029919915384062922,1,1,67,19,48,73,58,0.6854460093896714,0.7934782608695652,0.6033057851239669
0.029919915384062922,5,1,259,19,48,73,58,0.6854460093896714,0.7934782608695652,0.6033057851239669
0.029919915384062922,10,1,499,19,48,73,58,0.6854460093896714,0.7934782608695652,0.6033057851239669
0.029919915384062922,25,1,1219,19,48,73,58,0.6854460093896714,0.7934782608695652,0.6033057851239669
0.029919915384062922,50,1,2419,19,48,73,58,0.6854460093896714,0.7934782608695652,0.6033057851239669
0.030834051605497483,1,1,66,18,48,73,59,0.6886792452830188,0.8021978021978022,0.6033057851239669
0.030834051605497483,5,1,258,18,48,73,59,0.6886792452830188,0.8021978021978022,0.6033057851239669
0.030834051605497483,10,1,498,18,48,73,59,0.6886792452830188,0.8021978021978022,0.6033057851239669
0.030834051605497483,25,1,1218,18,48,73,59,0.6886792452830188,0.8021978021978022,0.6033057851239669
0.030834051605497483,50,1,2418,18,48,73,59,0.6886792452830188,0.8021978021978022,0.6033057851239669
0.03264236073438887,1,1,65,17,48,73,60,0.6919431279620853,0.8111111111111111,0.6033057851239669
0.03264236073438887,5,1,257,17,48,73,60,0.6919431279620853,0.8111111111111111,0.6033057851239669
0.03264236073438887,10,1,497,17,48,73,60,0.6919431279620853,0.8111111111111111,0.6033057851239669
0.03264236073438887,25,1,1217,17,48,73,60,0.6919431279620853,0.8111111111111111,0.6033057851239669
0.03264236073438887,50,1,2417,17,48,73,60,0.6919431279620853,0.8111111111111111,0.6033057851239669
0.0338145678416951,1,1,66,17,49,72,60,0.6857142857142857,0.8089887640449438,0.5950413223140496
0.0338145678416951,5,1,262,17,49,72,60,0.6857142857142857,0.8089887640449438,0.5950413223140496
0.0338145678416951,10,1,507,17,49,72,60,0.6857142857142857,0.8089887640449438,0.5950413223140496
0.0338145678416951,25,1,1242,17,49,72,60,0.6857142857142857,0.8089887640449438,0.5950413223140496
0.0338145678416951,50,1,2467,17,49,72,60,0.6857142857142857,0.8089887640449438,0.5950413223140496
0.03473473826758252,1,1,67,17,50,71,60,0.6794258373205742,0.8068181818181818,0.5867768595041323
0.03473473826758252,5,1,267,17,50,71,60,0.6794258373205742,0.8068181818181818,0.5867768595041323
0.03473473826758252,10,1,517,17,50,71,60,0.6794258373205742,0.8068181818181818,0.5867768595041323
0.03473473826758252,25,1,1267,17,50,71,60,0.6794258373205742,0.8068181818181818,0.5867768595041323
0.03473473826758252,50,1,2517,17,50,71,60,0.6794258373205742,0.8068181818181818,0.5867768595041323
0.03480137829814718,1,1,66,16,50,71,61,0.6826923076923077,0.8160919540229885,0.5867768595041323
0.03480137829814718,5,1,266,16,50,71,61,0.6826923076923077,0.8160919540229885,0.5867768595041323
0.03480137829814718,10,1,516,16,50,71,61,0.6826923076923077,0.8160919540229885,0.5867768595041323
0.03480137829814718,25,1,1266,16,50,71,61,0.6826923076923077,0.8160919540229885,0.5867768595041323
0.03480137829814718,50,1,2516,16,50,71,61,0.6826923076923077,0.8160919540229885,0.5867768595041323
0.03627239454490988,1,1,67,16,51,70,61,0.6763285024154589,0.813953488372093,0.5785123966942148
0.03627239454490988,5,1,271,16,51,70,61,0.6763285024154589,0.813953488372093,0.5785123966942148
0.03627239454490988,10,1,526,16,51,70,61,0.6763285024154589,0.813953488372093,0.5785123966942148
0.03627239454490988,25,1,1291,16,51,70,61,0.6763285024154589,0.813953488372093,0.5785123966942148
0.03627239454490988,50,1,2566,16,51,70,61,0.6763285024154589,0.813953488372093,0.5785123966942148
0.0395386790650039,1,1,68,16,52,69,61,0.6699029126213593,0.8117647058823529,0.5702479338842975
0.0395386790650039,5,1,276,16,52,69,61,0.6699029126213593,0.8117647058823529,0.5702479338842975
0.0395386790650039,10,1,536,16,52,69,61,0.6699029126213593,0.8117647058823529,0.5702479338842975
0.0395386790650039,25,1,1316,16,52,69,61,0.6699029126213593,0.8117647058823529,0.5702479338842975
0.0395386790650039,50,1,2616,16,52,69,61,0.6699029126213593,0.8117647058823529,0.5702479338842975
0.039627014442495966,1,1,67,15,52,69,62,0.6731707317073171,0.8214285714285714,0.5702479338842975
0.039627014442495966,5,1,275,15,52,69,62,0.6731707317073171,0.8214285714285714,0.5702479338842975
0.039627014442495966,10,1,535,15,52,69,62,0.6731707317073171,0.8214285714285714,0.5702479338842975
0.039627014442495966,25,1,1315,15,52,69,62,0.6731707317073171,0.8214285714285714,0.5702479338842975
0.039627014442495966,50,1,2615,15,52,69,62,0.6731707317073171,0.8214285714285714,0.5702479338842975
0.039730285504978084,1,1,66,14,52,69,63,0.6764705882352942,0.8313253012048193,0.5702479338842975
0.039730285504978084,5,1,274,14,52,69,63,0.6764705882352942,0.8313253012048193,0.5702479338842975
0.039730285504978084,10,1,534,14,52,69,63,0.6764705882352942,0.8313253012048193,0.5702479338842975
0.039730285504978084,25,1,1314,14,52,69,63,0.6764705882352942,0.8313253012048193,0.5702479338842975
0.039730285504978084,50,1,2614,14,52,69,63,0.6764705882352942,0.8313253012048193,0.5702479338842975
0.03977388700815342,1,1,67,14,53,68,63,0.6699507389162561,0.8292682926829268,0.5619834710743802
0.03977388700815342,5,1,279,14,53,68,63,0.6699507389162561,0.8292682926829268,0.5619834710743802
0.03977388700815342,10,1,544,14,53,68,63,0.6699507389162561,0.8292682926829268,0.5619834710743802
0.03977388700815342,25,1,1339,14,53,68,63,0.6699507389162561,0.8292682926829268,0.5619834710743802
0.03977388700815342,50,1,2664,14,53,68,63,0.6699507389162561,0.8292682926829268,0.5619834710743802
0.03978123538631353,1,1,66,13,53,68,64,0.6732673267326733,0.8395061728395061,0.5619834710743802
0.03978123538631353,5,1,278,13,53,68,64,0.6732673267326733,0.8395061728395061,0.5619834710743802
0.03978123538631353,10,1,543,13,53,68,64,0.6732673267326733,0.8395061728395061,0.5619834710743802
0.03978123538631353,25,1,1338,13,53,68,64,0.6732673267326733,0.8395061728395061,0.5619834710743802
0.03978123538631353,50,1,2663,13,53,68,64,0.6732673267326733,0.8395061728395061,0.5619834710743802
0.04082274945020887,1,1,67,13,54,67,64,0.6666666666666666,0.8375,0.5537190082644629
0.04082274945020887,5,1,283,13,54,67,64,0.6666666666666666,0.8375,0.5537190082644629
0.04082274945020887,10,1,553,13,54,67,64,0.6666666666666666,0.8375,0.5537190082644629
0.04082274945020887,25,1,1363,13,54,67,64,0.6666666666666666,0.8375,0.5537190082644629
0.04082274945020887,50,1,2713,13,54,67,64,0.6666666666666666,0.8375,0.5537190082644629
0.044580586635858684,1,1,68,13,55,66,64,0.66,0.8354430379746836,0.5454545454545454
0.044580586635858684,5,1,288,13,55,66,64,0.66,0.8354430379746836,0.5454545454545454
0.044580586635858684,10,1,563,13,55,66,64,0.66,0.8354430379746836,0.5454545454545454
0.044580586635858684,25,1,1388,13,55,66,64,0.66,0.8354430379746836,0.5454545454545454
0.044580586635858684,50,1,2763,13,55,66,64,0.66,0.8354430379746836,0.5454545454545454
0.04474308927875316,1,1,67,12,55,66,65,0.6633165829145728,0.8461538461538461,0.5454545454545454
0.04474308927875316,5,1,287,12,55,66,65,0.6633165829145728,0.8461538461538461,0.5454545454545454
0.04474308927875316,10,1,562,12,55,66,65,0.6633165829145728,0.8461538461538461,0.5454545454545454
0.04474308927875316,25,1,1387,12,55,66,65,0.6633165829145728,0.8461538461538461,0.5454545454545454
0.04474308927875316,50,1,2762,12,55,66,65,0.6633165829145728,0.8461538461538461,0.5454545454545454
0.044772496527381696,1,1,68,12,56,65,65,0.6565656565656566,0.8441558441558441,0.5371900826446281
0.044772496527381696,5,1,292,12,56,65,65,0.6565656565656566,0.8441558441558441,0.5371900826446281
0.044772496527381696,10,1,572,12,56,65,65,0.6565656565656566,0.8441558441558441,0.5371900826446281
0.044772496527381696,25,1,1412,12,56,65,65,0.6565656565656566,0.8441558441558441,0.5371900826446281
0.044772496527381696,50,1,2812,12,56,65,65,0.6565656565656566,0.8441558441558441,0.5371900826446281
0.045411804283444414,1,1,69,12,57,64,65,0.649746192893401,0.8421052631578947,0.5289256198347108
0.045411804283444414,5,1,297,12,57,64,65,0.649746192893401,0.8421052631578947,0.5289256198347108
0.045411804283444414,10,1,582,12,57,64,65,0.649746192893401,0.8421052631578947,0.5289256198347108
0.045411804283444414,25,1,1437,12,57,64,65,0.649746192893401,0.8421052631578947,0.5289256198347108
0.045411804283444414,50,1,2862,12,57,64,65,0.649746192893401,0.8421052631578947,0.5289256198347108
0.04845566712291177,1,1,68,11,57,64,66,0.6530612244897959,0.8533333333333334,0.5289256198347108
0.04845566712291177,5,1,296,11,57,64,66,0.6530612244897959,0.8533333333333334,0.5289256198347108
0.04845566712291177,10,1,581,11,57,64,66,0.6530612244897959,0.8533333333333334,0.5289256198347108
0.04845566712291177,25,1,1436,11,57,64,66,0.6530612244897959,0.8533333333333334,0.5289256198347108
0.04845566712291177,50,1,2861,11,57,64,66,0.6530612244897959,0.8533333333333334,0.5289256198347108
0.050246189933004934,1,1,69,11,58,63,66,0.6461538461538462,0.8513513513513513,0.5206611570247934
0.050246189933004934,5,1,301,11,58,63,66,0.6461538461538462,0.8513513513513513,0.5206611570247934
0.050246189933004934,10,1,591,11,58,63,66,0.6461538461538462,0.8513513513513513,0.5206611570247934
0.050246189933004934,25,1,1461,11,58,63,66,0.6461538461538462,0.8513513513513513,0.5206611570247934
0.050246189933004934,50,1,2911,11,58,63,66,0.6461538461538462,0.8513513513513513,0.5206611570247934
0.05405914723162075,1,1,70,11,59,62,66,0.6391752577319587,0.8493150684931506,0.512396694214876
0.05405914723162075,5,1,306,11,59,62,66,0.6391752577319587,0.8493150684931506,0.512396694214876
0.05405914723162075,10,1,601,11,59,62,66,0.6391752577319587,0.8493150684931506,0.512396694214876
0.05405914723162075,25,1,1486,11,59,62,66,0.6391752577319587,0.8493150684931506,0.512396694214876
0.05405914723162075,50,1,2961,11,59,62,66,0.6391752577319587,0.8493150684931506,0.512396694214876
0.05505244638918479,1,1,69,10,59,62,67,0.6424870466321243,0.8611111111111112,0.512396694214876
0.05505244638918479,5,1,305,10,59,62,67,0.6424870466321243,0.8611111111111112,0.512396694214876
0.05505244638918479,10,1,600,10,59,62,67,0.6424870466321243,0.8611111111111112,0.512396694214876
0.05505244638918479,25,1,1485,10,59,62,67,0.6424870466321243,0.8611111111111112,0.512396694214876
0.05505244638918479,50,1,2960,10,59,62,67,0.6424870466321243,0.8611111111111112,0.512396694214876
0.05949766272378267,1,1,70,10,60,61,67,0.6354166666666666,0.8591549295774648,0.5041322314049587
0.05949766272378267,5,1,310,10,60,61,67,0.6354166666666666,0.8591549295774648,0.5041322314049587
0.05949766272378267,10,1,610,10,60,61,67,0.6354166666666666,0.8591549295774648,0.5041322314049587
0.05949766272378267,25,1,1510,10,60,61,67,0.6354166666666666,0.8591549295774648,0.5041322314049587
0.05949766272378267,50,1,3010,10,60,61,67,0.6354166666666666,0.8591549295774648,0.5041322314049587
0.05956588615838594,1,1,69,9,60,61,68,0.6387434554973822,0.8714285714285714,0.5041322314049587
0.05956588615838594,5,1,309,9,60,61,68,0.6387434554973822,0.8714285714285714,0.5041322314049587
0.05956588615838594,10,1,609,9,60,61,68,0.6387434554973822,0.8714285714285714,0.5041322314049587
0.05956588615838594,25,1,1509,9,60,61,68,0.6387434554973822,0.8714285714285714,0.5041322314049587
0.05956588615838594,50,1,3009,9,60,61,68,0.6387434554973822,0.8714285714285714,0.5041322314049587
0.05987698637986724,1,1,70,9,61,60,68,0.631578947368421,0.8695652173913043,0.49586776859504134
0.05987698637986724,5,1,314,9,61,60,68,0.631578947368421,0.8695652173913043,0.49586776859504134
0.05987698637986724,10,1,619,9,61,60,68,0.631578947368421,0.8695652173913043,0.49586776859504134
0.05987698637986724,25,1,1534,9,61,60,68,0.631578947368421,0.8695652173913043,0.49586776859504134
0.05987698637986724,50,1,3059,9,61,60,68,0.631578947368421,0.8695652173913043,0.49586776859504134
0.06492746967968364,1,1,69,8,61,60,69,0.6349206349206349,0.8823529411764706,0.49586776859504134
0.06492746967968364,5,1,313,8,61,60,69,0.6349206349206349,0.8823529411764706,0.49586776859504134
0.06492746967968364,10,1,618,8,61,60,69,0.6349206349206349,0.8823529411764706,0.49586776859504134
0.06492746967968364,25,1,1533,8,61,60,69,0.6349206349206349,0.8823529411764706,0.49586776859504134
0.06492746967968364,50,1,3058,8,61,60,69,0.6349206349206349,0.8823529411764706,0.49586776859504134
0.06960841392961056,1,1,70,8,62,59,69,0.6276595744680851,0.8805970149253731,0.48760330578512395
0.06960841392961056,5,1,318,8,62,59,69,0.6276595744680851,0.8805970149253731,0.48760330578512395
0.06960841392961056,10,1,628,8,62,59,69,0.6276595744680851,0.8805970149253731,0.48760330578512395
0.06960841392961056,25,1,1558,8,62,59,69,0.6276595744680851,0.8805970149253731,0.48760330578512395
0.06960841392961056,50,1,3108,8,62,59,69,0.6276595744680851,0.8805970149253731,0.48760330578512395
0.07317576470298813,1,1,70,8,62,59,69,0.6276595744680851,0.8805970149253731,0.48760330578512395
0.07317576470298813,5,1,318,8,62,59,69,0.6276595744680851,0.8805970149253731,0.48760330578512395
0.07317576470298813,10,1,628,8,62,59,69,0.6276595744680851,0.8805970149253731,0.48760330578512395
0.07317576470298813,25,1,1558,8,62,59,69,0.6276595744680851,0.8805970149253731,0.48760330578512395
0.07317576470298813,50,1,3108,8,62,59,69,0.6276595744680851,0.8805970149253731,0.48760330578512395
0.07447155398036434,1,1,67,5,62,59,72,0.6378378378378379,0.921875,0.48760330578512395
0.07447155398036434,5,1,315,5,62,59,72,0.6378378378378379,0.921875,0.48760330578512395
0.07447155398036434,10,1,625,5,62,59,72,0.6378378378378379,0.921875,0.48760330578512395
0.07447155398036434,25,1,1555,5,62,59,72,0.6378378378378379,0.921875,0.48760330578512395
0.07447155398036434,50,1,3105,5,62,59,72,0.6378378378378379,0.921875,0.48760330578512395
0.07469165653810073,1,1,68,5,63,58,72,0.6304347826086957,0.9206349206349206,0.4793388429752066
0.07469165653810073,5,1,320,5,63,58,72,0.6304347826086957,0.9206349206349206,0.4793388429752066
0.07469165653810073,10,1,635,5,63,58,72,0.6304347826086957,0.9206349206349206,0.4793388429752066
0.07469165653810073,25,1,1580,5,63,58,72,0.6304347826086957,0.9206349206349206,0.4793388429752066
0.07469165653810073,50,1,3155,5,63,58,72,0.6304347826086957,0.9206349206349206,0.4793388429752066
0.08839685370747491,1,1,67,4,63,58,73,0.6338797814207651,0.9354838709677419,0.4793388429752066
0.08839685370747491,5,1,319,4,63,58,73,0.6338797814207651,0.9354838709677419,0.4793388429752066
0.08839685370747491,10,1,634,4,63,58,73,0.6338797814207651,0.9354838709677419,0.4793388429752066
0.08839685370747491,25,1,1579,4,63,58,73,0.6338797814207651,0.9354838709677419,0.4793388429752066
0.08839685370747491,50,1,3154,4,63,58,73,0.6338797814207651,0.9354838709677419,0.4793388429752066
0.11139097082195121,1,1,66,3,63,58,74,0.6373626373626373,0.9508196721311475,0.4793388429752066
0.11139097082195121,5,1,318,3,63,58,74,0.6373626373626373,0.9508196721311475,0.4793388429752066
0.11139097082195121,10,1,633,3,63,58,74,0.6373626373626373,0.9508196721311475,0.4793388429752066
0.11139097082195121,25,1,1578,3,63,58,74,0.6373626373626373,0.9508196721311475,0.4793388429752066
0.11139097082195121,50,1,3153,3,63,58,74,0.6373626373626373,0.9508196721311475,0.4793388429752066
0.117976546298586,1,1,67,3,64,57,74,0.6298342541436464,0.95,0.47107438016528924
0.117976546298586,5,1,323,3,64,57,74,0.6298342541436464,0.95,0.47107438016528924
0.117976546298586,10,1,643,3,64,57,74,0.6298342541436464,0.95,0.47107438016528924
0.117976546298586,25,1,1603,3,64,57,74,0.6298342541436464,0.95,0.47107438016528924
0.117976546298586,50,1,3203,3,64,57,74,0.6298342541436464,0.95,0.47107438016528924
0.1184815764796725,1,1,67,3,64,57,74,0.6298342541436464,0.95,0.47107438016528924
0.1184815764796725,5,1,323,3,64,57,74,0.6298342541436464,0.95,0.47107438016528924
0.1184815764796725,10,1,643,3,64,57,74,0.6298342541436464,0.95,0.47107438016528924
0.1184815764796725,25,1,1603,3,64,57,74,0.6298342541436464,0.95,0.47107438016528924
0.1184815764796725,50,1,3203,3,64,57,74,0.6298342541436464,0.95,0.47107438016528924
0.11946412145134934,1,1,70,3,67,54,74,0.6067415730337079,0.9473684210526315,0.4462809917355372
0.11946412145134934,5,1,338,3,67,54,74,0.6067415730337079,0.9473684210526315,0.4462809917355372
0.11946412145134934,10,1,673,3,67,54,74,0.6067415730337079,0.9473684210526315,0.4462809917355372
0.11946412145134934,25,1,1678,3,67,54,74,0.6067415730337079,0.9473684210526315,0.4462809917355372
0.11946412145134934,50,1,3353,3,67,54,74,0.6067415730337079,0.9473684210526315,0.4462809917355372
0.12173029945342675,1,1,69,2,67,54,75,0.6101694915254238,0.9642857142857143,0.4462809917355372
0.12173029945342675,5,1,337,2,67,54,75,0.6101694915254238,0.9642857142857143,0.4462809917355372
0.12173029945342675,10,1,672,2,67,54,75,0.6101694915254238,0.9642857142857143,0.4462809917355372
0.12173029945342675,25,1,1677,2,67,54,75,0.6101694915254238,0.9642857142857143,0.4462809917355372
0.12173029945342675,50,1,3352,2,67,54,75,0.6101694915254238,0.9642857142857143,0.4462809917355372
0.12738396734276797,1,1,70,2,68,53,75,0.6022727272727273,0.9636363636363636,0.4380165289256198
0.12738396734276797,5,1,342,2,68,53,75,0.6022727272727273,0.9636363636363636,0.4380165289256198
0.12738396734276797,10,1,682,2,68,53,75,0.6022727272727273,0.9636363636363636,0.4380165289256198
0.12738396734276797,25,1,1702,2,68,53,75,0.6022727272727273,0.9636363636363636,0.4380165289256198
0.12738396734276797,50,1,3402,2,68,53,75,0.6022727272727273,0.9636363636363636,0.4380165289256198
0.14129040558908837,1,1,71,2,69,52,75,0.5942857142857143,0.9629629629629629,0.4297520661157025
0.14129040558908837,5,1,347,2,69,52,75,0.5942857142857143,0.9629629629629629,0.4297520661157025
0.14129040558908837,10,1,692,2,69,52,75,0.5942857142857143,0.9629629629629629,0.4297520661157025
0.14129040558908837,25,1,1727,2,69,52,75,0.5942857142857143,0.9629629629629629,0.4297520661157025
0.14129040558908837,50,1,3452,2,69,52,75,0.5942857142857143,0.9629629629629629,0.4297520661157025
0.14840550370926872,1,1,72,2,70,51,75,0.5862068965517241,0.9622641509433962,0.4214876033057851
0.14840550370926872,5,1,352,2,70,51,75,0.5862068965517241,0.9622641509433962,0.4214876033057851
0.14840550370926872,10,1,702,2,70,51,75,0.5862068965517241,0.9622641509433962,0.4214876033057851
0.14840550370926872,25,1,1752,2,70,51,75,0.5862068965517241,0.9622641509433962,0.4214876033057851
0.14840550370926872,50,1,3502,2,70,51,75,0.5862068965517241,0.9622641509433962,0.4214876033057851
0.1562046414225955,1,1,73,2,71,50,75,0.5780346820809249,0.9615384615384616,0.4132231404958678
0.1562046414225955,5,1,357,2,71,50,75,0.5780346820809249,0.9615384615384616,0.4132231404958678
0.1562046414225955,10,1,712,2,71,50,75,0.5780346820809249,0.9615384615384616,0.4132231404958678
0.1562046414225955,25,1,1777,2,71,50,75,0.5780346820809249,0.9615384615384616,0.4132231404958678
0.1562046414225955,50,1,3552,2,71,50,75,0.5780346820809249,0.9615384615384616,0.4132231404958678
0.1581297444467891,1,1,74,2,72,49,75,0.5697674418604651,0.9607843137254902,0.4049586776859504
0.1581297444467891,5,1,362,2,72,49,75,0.5697674418604651,0.9607843137254902,0.4049586776859504
0.1581297444467891,10,1,722,2,72,49,75,0.5697674418604651,0.9607843137254902,0.4049586776859504
0.1581297444467891,25,1,1802,2,72,49,75,0.5697674418604651,0.9607843137254902,0.4049586776859504
0.1581297444467891,50,1,3602,2,72,49,75,0.5697674418604651,0.9607843137254902,0.4049586776859504
0.16273756549124765,1,1,75,2,73,48,75,0.5614035087719298,0.96,0.39669421487603307
0.16273756549124765,5,1,367,2,73,48,75,0.5614035087719298,0.96,0.39669421487603307
0.16273756549124765,10,1,732,2,73,48,75,0.5614035087719298,0.96,0.39669421487603307
0.16273756549124765,25,1,1827,2,73,48,75,0.5614035087719298,0.96,0.39669421487603307
0.16273756549124765,50,1,3652,2,73,48,75,0.5614035087719298,0.96,0.39669421487603307
0.16776613833617954,1,1,76,2,74,47,75,0.5529411764705883,0.9591836734693877,0.3884297520661157
0.16776613833617954,5,1,372,2,74,47,75,0.5529411764705883,0.9591836734693877,0.3884297520661157
0.16776613833617954,10,1,742,2,74,47,75,0.5529411764705883,0.9591836734693877,0.3884297520661157
0.16776613833617954,25,1,1852,2,74,47,75,0.5529411764705883,0.9591836734693877,0.3884297520661157
0.16776613833617954,50,1,3702,2,74,47,75,0.5529411764705883,0.9591836734693877,0.3884297520661157
0.18636253575475017,1,1,77,2,75,46,75,0.5443786982248521,0.9583333333333334,0.38016528925619836
0.18636253575475017,5,1,377,2,75,46,75,0.5443786982248521,0.9583333333333334,0.38016528925619836
0.18636253575475017,10,1,752,2,75,46,75,0.5443786982248521,0.9583333333333334,0.38016528925619836
0.18636253575475017,25,1,1877,2,75,46,75,0.5443786982248521,0.9583333333333334,0.38016528925619836
0.18636253575475017,50,1,3752,2,75,46,75,0.5443786982248521,0.9583333333333334,0.38016528925619836
0.19649073027937292,1,1,78,2,76,45,75,0.5357142857142857,0.9574468085106383,0.371900826446281
0.19649073027937292,5,1,382,2,76,45,75,0.5357142857142857,0.9574468085106383,0.371900826446281
0.19649073027937292,10,1,762,2,76,45,75,0.5357142857142857,0.9574468085106383,0.371900826446281
0.19649073027937292,25,1,1902,2,76,45,75,0.5357142857142857,0.9574468085106383,0.371900826446281
0.19649073027937292,50,1,3802,2,76,45,75,0.5357142857142857,0.9574468085106383,0.371900826446281
0.19868563085519161,1,1,79,2,77,44,75,0.5269461077844312,0.9565217391304348,0.36363636363636365
0.19868563085519161,5,1,387,2,77,44,75,0.5269461077844312,0.9565217391304348,0.36363636363636365
0.19868563085519161,10,1,772,2,77,44,75,0.5269461077844312,0.9565217391304348,0.36363636363636365
0.19868563085519161,25,1,1927,2,77,44,75,0.5269461077844312,0.9565217391304348,0.36363636363636365
0.19868563085519161,50,1,3852,2,77,44,75,0.5269461077844312,0.9565217391304348,0.36363636363636365
0.20580521073450497,1,1,80,2,78,43,75,0.5180722891566265,0.9555555555555556,0.35537190082644626
0.20580521073450497,5,1,392,2,78,43,75,0.5180722891566265,0.9555555555555556,0.35537190082644626
0.20580521073450497,10,1,782,2,78,43,75,0.5180722891566265,0.9555555555555556,0.35537190082644626
0.20580521073450497,25,1,1952,2,78,43,75,0.5180722891566265,0.9555555555555556,0.35537190082644626
0.20580521073450497,50,1,3902,2,78,43,75,0.5180722891566265,0.9555555555555556,0.35537190082644626
0.21528926122488803,1,1,81,2,79,42,75,0.509090909090909,0.9545454545454546,0.34710743801652894
0.21528926122488803,5,1,397,2,79,42,75,0.509090909090909,0.9545454545454546,0.34710743801652894
0.21528926122488803,10,1,792,2,79,42,75,0.509090909090909,0.9545454545454546,0.34710743801652894
0.21528926122488803,25,1,1977,2,79,42,75,0.509090909090909,0.9545454545454546,0.34710743801652894
0.21528926122488803,50,1,3952,2,79,42,75,0.509090909090909,0.9545454545454546,0.34710743801652894
0.2186595434311735,1,1,82,2,80,41,75,0.5,0.9534883720930233,0.33884297520661155
0.2186595434311735,5,1,402,2,80,41,75,0.5,0.9534883720930233,0.33884297520661155
0.2186595434311735,10,1,802,2,80,41,75,0.5,0.9534883720930233,0.33884297520661155
0.2186595434311735,25,1,2002,2,80,41,75,0.5,0.9534883720930233,0.33884297520661155
0.2186595434311735,50,1,4002,2,80,41,75,0.5,0.9534883720930233,0.33884297520661155
0.22230455727954096,1,1,83,2,81,40,75,0.49079754601226994,0.9523809523809523,0.3305785123966942
0.22230455727954096,5,1,407,2,81,40,75,0.49079754601226994,0.9523809523809523,0.3305785123966942
0.22230455727954096,10,1,812,2,81,40,75,0.49079754601226994,0.9523809523809523,0.3305785123966942
0.22230455727954096,25,1,2027,2,81,40,75,0.49079754601226994,0.9523809523809523,0.3305785123966942
0.22230455727954096,50,1,4052,2,81,40,75,0.49079754601226994,0.9523809523809523,0.3305785123966942
0.22738573679317692,1,1,84,2,82,39,75,0.48148148148148145,0.9512195121951219,0.32231404958677684
0.22738573679317692,5,1,412,2,82,39,75,0.48148148148148145,0.9512195121951219,0.32231404958677684
0.22738573679317692,10,1,822,2,82,39,75,0.48148148148148145,0.9512195121951219,0.32231404958677684
0.22738573679317692,25,1,2052,2,82,39,75,0.48148148148148145,0.9512195121951219,0.32231404958677684
0.22738573679317692,50,1,4102,2,82,39,75,0.48148148148148145,0.9512195121951219,0.32231404958677684
0.23193820333712556,1,1,85,2,83,38,75,0.4720496894409938,0.95,0.3140495867768595
0.23193820333712556,5,1,417,2,83,38,75,0.4720496894409938,0.95,0.3140495867768595
0.23193820333712556,10,1,832,2,83,38,75,0.4720496894409938,0.95,0.3140495867768595
0.23193820333712556,25,1,2077,2,83,38,75,0.4720496894409938,0.95,0.3140495867768595
0.23193820333712556,50,1,4152,2,83,38,75,0.4720496894409938,0.95,0.3140495867768595
0.2353654370848347,1,1,86,2,84,37,75,0.4625,0.9487179487179487,0.30578512396694213
0.2353654370848347,5,1,422,2,84,37,75,0.4625,0.9487179487179487,0.30578512396694213
0.2353654370848347,10,1,842,2,84,37,75,0.4625,0.9487179487179487,0.30578512396694213
0.2353654370848347,25,1,2102,2,84,37,75,0.4625,0.9487179487179487,0.30578512396694213
0.2353654370848347,50,1,4202,2,84,37,75,0.4625,0.9487179487179487,0.30578512396694213
0.2375675351774557,1,1,87,2,85,36,75,0.4528301886792453,0.9473684210526315,0.2975206611570248
0.2375675351774557,5,1,427,2,85,36,75,0.4528301886792453,0.9473684210526315,0.2975206611570248
0.2375675351774557,10,1,852,2,85,36,75,0.4528301886792453,0.9473684210526315,0.2975206611570248
0.2375675351774557,25,1,2127,2,85,36,75,0.4528301886792453,0.9473684210526315,0.2975206611570248
0.2375675351774557,50,1,4252,2,85,36,75,0.4528301886792453,0.9473684210526315,0.2975206611570248
0.23889165131919363,1,1,88,2,86,35,75,0.4430379746835443,0.9459459459459459,0.2892561983471074
0.23889165131919363,5,1,432,2,86,35,75,0.4430379746835443,0.9459459459459459,0.2892561983471074
0.23889165131919363,10,1,862,2,86,35,75,0.4430379746835443,0.9459459459459459,0.2892561983471074
0.23889165131919363,25,1,2152,2,86,35,75,0.4430379746835443,0.9459459459459459,0.2892561983471074
0.23889165131919363,50,1,4302,2,86,35,75,0.4430379746835443,0.9459459459459459,0.2892561983471074
0.24314139893636807,1,1,89,2,87,34,75,0.43312101910828027,0.9444444444444444,0.2809917355371901
0.24314139893636807,5,1,437,2,87,34,75,0.43312101910828027,0.9444444444444444,0.2809917355371901
0.24314139893636807,10,1,872,2,87,34,75,0.43312101910828027,0.9444444444444444,0.2809917355371901
0.24314139893636807,25,1,2177,2,87,34,75,0.43312101910828027,0.9444444444444444,0.2809917355371901
0.24314139893636807,50,1,4352,2,87,34,75,0.43312101910828027,0.9444444444444444,0.2809917355371901
0.24756184778384893,1,1,90,2,88,33,75,0.4230769230769231,0.9428571428571428,0.2727272727272727
0.24756184778384893,5,1,442,2,88,33,75,0.4230769230769231,0.9428571428571428,0.2727272727272727
0.24756184778384893,10,1,882,2,88,33,75,0.4230769230769231,0.9428571428571428,0.2727272727272727
0.24756184778384893,25,1,2202,2,88,33,75,0.4230769230769231,0.9428571428571428,0.2727272727272727
0.24756184778384893,50,1,4402,2,88,33,75,0.4230769230769231,0.9428571428571428,0.2727272727272727
0.2507362480150912,1,1,91,2,89,32,75,0.4129032258064516,0.9411764705882353,0.2644628099173554
0.2507362480150912,5,1,447,2,89,32,75,0.4129032258064516,0.9411764705882353,0.2644628099173554
0.2507362480150912,10,1,892,2,89,32,75,0.4129032258064516,0.9411764705882353,0.2644628099173554
0.2507362480150912,25,1,2227,2,89,32,75,0.4129032258064516,0.9411764705882353,0.2644628099173554
0.2507362480150912,50,1,4452,2,89,32,75,0.4129032258064516,0.9411764705882353,0.2644628099173554
0.25325505365872103,1,1,92,2,90,31,75,0.4025974025974026,0.9393939393939394,0.256198347107438
0.25325505365872103,5,1,452,2,90,31,75,0.4025974025974026,0.9393939393939394,0.256198347107438
0.25325505365872103,10,1,902,2,90,31,75,0.4025974025974026,0.9393939393939394,0.256198347107438
0.25325505365872103,25,1,2252,2,90,31,75,0.4025974025974026,0.9393939393939394,0.256198347107438
0.25325505365872103,50,1,4502,2,90,31,75,0.4025974025974026,0.9393939393939394,0.256198347107438
0.25630996888811547,1,1,93,2,91,30,75,0.39215686274509803,0.9375,0.24793388429752067
0.25630996888811547,5,1,457,2,91,30,75,0.39215686274509803,0.9375,0.24793388429752067
0.25630996888811547,10,1,912,2,91,30,75,0.39215686274509803,0.9375,0.24793388429752067
0.25630996888811547,25,1,2277,2,91,30,75,0.39215686274509803,0.9375,0.24793388429752067
0.25630996888811547,50,1,4552,2,91,30,75,0.39215686274509803,0.9375,0.24793388429752067
0.2612296899345144,1,1,94,2,92,29,75,0.3815789473684211,0.9354838709677419,0.2396694214876033
0.2612296899345144,5,1,462,2,92,29,75,0.3815789473684211,0.9354838709677419,0.2396694214876033
0.2612296899345144,10,1,922,2,92,29,75,0.3815789473684211,0.9354838709677419,0.2396694214876033
0.2612296899345144,25,1,2302,2,92,29,75,0.3815789473684211,0.9354838709677419,0.2396694214876033
0.2612296899345144,50,1,4602,2,92,29,75,0.3815789473684211,0.9354838709677419,0.2396694214876033
0.26993053207543666,1,1,95,2,93,28,75,0.3708609271523179,0.9333333333333333,0.23140495867768596
0.26993053207543666,5,1,467,2,93,28,75,0.3708609271523179,0.9333333333333333,0.23140495867768596
0.26993053207543666,10,1,932,2,93,28,75,0.3708609271523179,0.9333333333333333,0.23140495867768596
0.26993053207543666,25,1,2327,2,93,28,75,0.3708609271523179,0.9333333333333333,0.23140495867768596
0.26993053207543666,50,1,4652,2,93,28,75,0.3708609271523179,0.9333333333333333,0.23140495867768596
0.2776553412582361,1,1,96,2,94,27,75,0.36,0.9310344827586207,0.2231404958677686
0.2776553412582361,5,1,472,2,94,27,75,0.36,0.9310344827586207,0.2231404958677686
0.2776553412582361,10,1,942,2,94,27,75,0.36,0.9310344827586207,0.2231404958677686
0.2776553412582361,25,1,2352,2,94,27,75,0.36,0.9310344827586207,0.2231404958677686
0.2776553412582361,50,1,4702,2,94,27,75,0.36,0.9310344827586207,0.2231404958677686
0.28055285649870965,1,1,97,2,95,26,75,0.348993288590604,0.9285714285714286,0.21487603305785125
0.28055285649870965,5,1,477,2,95,26,75,0.348993288590604,0.9285714285714286,0.21487603305785125
0.28055285649870965,10,1,952,2,95,26,75,0.348993288590604,0.9285714285714286,0.21487603305785125
0.28055285649870965,25,1,2377,2,95,26,75,0.348993288590604,0.9285714285714286,0.21487603305785125
0.28055285649870965,50,1,4752,2,95,26,75,0.348993288590604,0.9285714285714286,0.21487603305785125
0.2982273815762059,1,1,98,2,96,25,75,0.33783783783783783,0.9259259259259259,0.2066115702479339
0.2982273815762059,5,1,482,2,96,25,75,0.33783783783783783,0.9259259259259259,0.2066115702479339
0.2982273815762059,10,1,962,2,96,25,75,0.33783783783783783,0.9259259259259259,0.2066115702479339
0.2982273815762059,25,1,2402,2,96,25,75,0.33783783783783783,0.9259259259259259,0.2066115702479339
0.2982273815762059,50,1,4802,2,96,25,75,0.33783783783783783,0.9259259259259259,0.2066115702479339
0.3186201691013706,1,1,99,2,97,24,75,0.32653061224489793,0.9230769230769231,0.19834710743801653
0.3186201691013706,5,1,487,2,97,24,75,0.32653061224489793,0.9230769230769231,0.19834710743801653
0.3186201691013706,10,1,972,2,97,24,75,0.32653061224489793,0.9230769230769231,0.19834710743801653
0.3186201691013706,25,1,2427,2,97,24,75,0.32653061224489793,0.9230769230769231,0.19834710743801653
0.3186201691013706,50,1,4852,2,97,24,75,0.32653061224489793,0.9230769230769231,0.19834710743801653
0.3294423015263507,1,1,100,2,98,23,75,0.3150684931506849,0.92,0.19008264462809918
0.3294423015263507,5,1,492,2,98,23,75,0.3150684931506849,0.92,0.19008264462809918
0.3294423015263507,10,1,982,2,98,23,75,0.3150684931506849,0.92,0.19008264462809918
0.3294423015263507,25,1,2452,2,98,23,75,0.3150684931506849,0.92,0.19008264462809918
0.3294423015263507,50,1,4902,2,98,23,75,0.3150684931506849,0.92,0.19008264462809918
0.35168371756921646,1,1,101,2,99,22,75,0.30344827586206896,0.9166666666666666,0.18181818181818182
0.35168371756921646,5,1,497,2,99,22,75,0.30344827586206896,0.9166666666666666,0.18181818181818182
0.35168371756921646,10,1,992,2,99,22,75,0.30344827586206896,0.9166666666666666,0.18181818181818182
0.35168371756921646,25,1,2477,2,99,22,75,0.30344827586206896,0.9166666666666666,0.18181818181818182
0.35168371756921646,50,1,4952,2,99,22,75,0.30344827586206896,0.9166666666666666,0.18181818181818182
0.3623955216515764,1,1,102,2,100,21,75,0.2916666666666667,0.9130434782608695,0.17355371900826447
0.3623955216515764,5,1,502,2,100,21,75,0.2916666666666667,0.9130434782608695,0.17355371900826447
0.3623955216515764,10,1,1002,2,100,21,75,0.2916666666666667,0.9130434782608695,0.17355371900826447
0.3623955216515764,25,1,2502,2,100,21,75,0.2916666666666667,0.9130434782608695,0.17355371900826447
0.3623955216515764,50,1,5002,2,100,21,75,0.2916666666666667,0.9130434782608695,0.17355371900826447
0.37005216314062817,1,1,103,2,101,20,75,0.27972027972027974,0.9090909090909091,0.1652892561983471
0.37005216314062817,5,1,507,2,101,20,75,0.27972027972027974,0.9090909090909091,0.1652892561983471
0.37005216314062817,10,1,1012,2,101,20,75,0.27972027972027974,0.9090909090909091,0.1652892561983471
0.37005216314062817,25,1,2527,2,101,20,75,0.27972027972027974,0.9090909090909091,0.1652892561983471
0.37005216314062817,50,1,5052,2,101,20,75,0.27972027972027974,0.9090909090909091,0.1652892561983471
0.3735214164977432,1,1,104,2,102,19,75,0.2676056338028169,0.9047619047619048,0.15702479338842976
0.3735214164977432,5,1,512,2,102,19,75,0.2676056338028169,0.9047619047619048,0.15702479338842976
0.3735214164977432,10,1,1022,2,102,19,75,0.2676056338028169,0.9047619047619048,0.15702479338842976
0.3735214164977432,25,1,2552,2,102,19,75,0.2676056338028169,0.9047619047619048,0.15702479338842976
0.3735214164977432,50,1,5102,2,102,19,75,0.2676056338028169,0.9047619047619048,0.15702479338842976
0.37897655861619184,1,1,103,1,102,19,76,0.2695035460992908,0.95,0.15702479338842976
0.37897655861619184,5,1,511,1,102,19,76,0.2695035460992908,0.95,0.15702479338842976
0.37897655861619184,10,1,1021,1,102,19,76,0.2695035460992908,0.95,0.15702479338842976
0.37897655861619184,25,1,2551,1,102,19,76,0.2695035460992908,0.95,0.15702479338842976
0.37897655861619184,50,1,5101,1,102,19,76,0.2695035460992908,0.95,0.15702479338842976
0.392427626003974,1,1,104,1,103,18,76,0.2571428571428571,0.9473684210526315,0.1487603305785124
0.392427626003974,5,1,516,1,103,18,76,0.2571428571428571,0.9473684210526315,0.1487603305785124
0.392427626003974,10,1,1031,1,103,18,76,0.2571428571428571,0.9473684210526315,0.1487603305785124
0.392427626003974,25,1,2576,1,103,18,76,0.2571428571428571,0.9473684210526315,0.1487603305785124
0.392427626003974,50,1,5151,1,103,18,76,0.2571428571428571,0.9473684210526315,0.1487603305785124
0.3973095110322351,1,1,105,1,104,17,76,0.2446043165467626,0.9444444444444444,0.14049586776859505
0.3973095110322351,5,1,521,1,104,17,76,0.2446043165467626,0.9444444444444444,0.14049586776859505
0.3973095110322351,10,1,1041,1,104,17,76,0.2446043165467626,0.9444444444444444,0.14049586776859505
0.3973095110322351,25,1,2601,1,104,17,76,0.2446043165467626,0.9444444444444444,0.14049586776859505
0.3973095110322351,50,1,5201,1,104,17,76,0.2446043165467626,0.9444444444444444,0.14049586776859505
0.4013508082041279,1,1,106,1,105,16,76,0.2318840579710145,0.9411764705882353,0.1322314049586777
0.4013508082041279,5,1,526,1,105,16,76,0.2318840579710145,0.9411764705882353,0.1322314049586777
0.4013508082041279,10,1,1051,1,105,16,76,0.2318840579710145,0.9411764705882353,0.1322314049586777
0.4013508082041279,25,1,2626,1,105,16,76,0.2318840579710145,0.9411764705882353,0.1322314049586777
0.4013508082041279,50,1,5251,1,105,16,76,0.2318840579710145,0.9411764705882353,0.1322314049586777
0.40609498290203566,1,1,107,1,106,15,76,0.21897810218978103,0.9375,0.12396694214876033
0.40609498290203566,5,1,531,1,106,15,76,0.21897810218978103,0.9375,0.12396694214876033
0.40609498290203566,10,1,1061,1,106,15,76,0.21897810218978103,0.9375,0.12396694214876033
0.40609498290203566,25,1,2651,1,106,15,76,0.21897810218978103,0.9375,0.12396694214876033
0.40609498290203566,50,1,5301,1,106,15,76,0.21897810218978103,0.9375,0.12396694214876033
0.4295141245767918,1,1,108,1,107,14,76,0.20588235294117646,0.9333333333333333,0.11570247933884298
0.4295141245767918,5,1,536,1,107,14,76,0.20588235294117646,0.9333333333333333,0.11570247933884298
0.4295141245767918,10,1,1071,1,107,14,76,0.20588235294117646,0.9333333333333333,0.11570247933884298
0.4295141245767918,25,1,2676,1,107,14,76,0.20588235294117646,0.9333333333333333,0.11570247933884298
0.4295141245767918,50,1,5351,1,107,14,76,0.20588235294117646,0.9333333333333333,0.11570247933884298
0.474027660778839,1,1,109,1,108,13,76,0.1925925925925926,0.9285714285714286,0.10743801652892562
0.474027660778839,5,1,541,1,108,13,76,0.1925925925925926,0.9285714285714286,0.10743801652892562
0.474027660778839,10,1,1081,1,108,13,76,0.1925925925925926,0.9285714285714286,0.10743801652892562
0.474027660778839,25,1,2701,1,108,13,76,0.1925925925925926,0.9285714285714286,0.10743801652892562
0.474027660778839,50,1,5401,1,108,13,76,0.1925925925925926,0.9285714285714286,0.10743801652892562
0.48288271000213406,1,1,110,1,109,12,76,0.1791044776119403,0.9230769230769231,0.09917355371900827
0.48288271000213406,5,1,546,1,109,12,76,0.1791044776119403,0.9230769230769231,0.09917355371900827
0.48288271000213406,10,1,1091,1,109,12,76,0.1791044776119403,0.9230769230769231,0.09917355371900827
0.48288271000213406,25,1,2726,1,109,12,76,0.1791044776119403,0.9230769230769231,0.09917355371900827
0.48288271000213406,50,1,5451,1,109,12,76,0.1791044776119403,0.9230769230769231,0.09917355371900827
0.4949319266907256,1,1,111,1,110,11,76,0.16541353383458646,0.9166666666666666,0.09090909090909091
0.4949319266907256,5,1,551,1,110,11,76,0.16541353383458646,0.9166666666666666,0.09090909090909091
0.4949319266907256,10,1,1101,1,110,11,76,0.16541353383458646,0.9166666666666666,0.09090909090909091
0.4949319266907256,25,1,2751,1,110,11,76,0.16541353383458646,0.9166666666666666,0.09090909090909091
0.4949319266907256,50,1,5501,1,110,11,76,0.16541353383458646,0.9166666666666666,0.09090909090909091
0.531581472018709,1,1,112,1,111,10,76,0.15151515151515152,0.9090909090909091,0.08264462809917356
0.531581472018709,5,1,556,1,111,10,76,0.15151515151515152,0.9090909090909091,0.08264462809917356
0.531581472018709,10,1,1111,1,111,10,76,0.15151515151515152,0.9090909090909091,0.08264462809917356
0.531581472018709,25,1,2776,1,111,10,76,0.15151515151515152,0.9090909090909091,0.08264462809917356
0.531581472018709,50,1,5551,1,111,10,76,0.15151515151515152,0.9090909090909091,0.08264462809917356
0.5323419988631616,1,1,113,1,112,9,76,0.13740458015267176,0.9,0.0743801652892562
0.5323419988631616,5,1,561,1,112,9,76,0.13740458015267176,0.9,0.0743801652892562
0.5323419988631616,10,1,1121,1,112,9,76,0.13740458015267176,0.9,0.0743801652892562
0.5323419988631616,25,1,2801,1,112,9,76,0.13740458015267176,0.9,0.0743801652892562
0.5323419988631616,50,1,5601,1,112,9,76,0.13740458015267176,0.9,0.0743801652892562
0.5386118757322391,1,1,114,1,113,8,76,0.12307692307692308,0.8888888888888888,0.06611570247933884
0.5386118757322391,5,1,566,1,113,8,76,0.12307692307692308,0.8888888888888888,0.06611570247933884
0.5386118757322391,10,1,1131,1,113,8,76,0.12307692307692308,0.8888888888888888,0.06611570247933884
0.5386118757322391,25,1,2826,1,113,8,76,0.12307692307692308,0.8888888888888888,0.06611570247933884
0.5386118757322391,50,1,5651,1,113,8,76,0.12307692307692308,0.8888888888888888,0.06611570247933884
0.5515540497452158,1,1,114,1,113,8,76,0.12307692307692308,0.8888888888888888,0.06611570247933884
0.5515540497452158,5,1,566,1,113,8,76,0.12307692307692308,0.8888888888888888,0.06611570247933884
0.5515540497452158,10,1,1131,1,113,8,76,0.12307692307692308,0.8888888888888888,0.06611570247933884
0.5515540497452158,25,1,2826,1,113,8,76,0.12307692307692308,0.8888888888888888,0.06611570247933884
0.5515540497452158,50,1,5651,1,113,8,76,0.12307692307692308,0.8888888888888888,0.06611570247933884
0.5559864590413491,1,1,116,1,115,6,76,0.09375,0.8571428571428571,0.049586776859504134
0.5559864590413491,5,1,576,1,115,6,76,0.09375,0.8571428571428571,0.049586776859504134
0.5559864590413491,10,1,1151,1,115,6,76,0.09375,0.8571428571428571,0.049586776859504134
0.5559864590413491,25,1,2876,1,115,6,76,0.09375,0.8571428571428571,0.049586776859504134
0.5559864590413491,50,1,5751,1,115,6,76,0.09375,0.8571428571428571,0.049586776859504134
0.5993661725392933,1,1,117,1,116,5,76,0.07874015748031496,0.8333333333333334,0.04132231404958678
0.5993661725392933,5,1,581,1,116,5,76,0.07874015748031496,0.8333333333333334,0.04132231404958678
0.5993661725392933,10,1,1161,1,116,5,76,0.07874015748031496,0.8333333333333334,0.04132231404958678
0.5993661725392933,25,1,2901,1,116,5,76,0.07874015748031496,0.8333333333333334,0.04132231404958678
0.5993661725392933,50,1,5801,1,116,5,76,0.07874015748031496,0.8333333333333334,0.04132231404958678
0.6570465009945857,1,1,118,1,117,4,76,0.06349206349206349,0.8,0.03305785123966942
0.6570465009945857,5,1,586,1,117,4,76,0.06349206349206349,0.8,0.03305785123966942
0.6570465009945857,10,1,1171,1,117,4,76,0.06349206349206349,0.8,0.03305785123966942
0.6570465009945857,25,1,2926,1,117,4,76,0.06349206349206349,0.8,0.03305785123966942
0.6570465009945857,50,1,5851,1,117,4,76,0.06349206349206349,0.8,0.03305785123966942
0.6767602617947779,1,1,117,0,117,4,77,0.064,1.0,0.03305785123966942
0.6767602617947779,5,1,585,0,117,4,77,0.064,1.0,0.03305785123966942
0.6767602617947779,10,1,1170,0,117,4,77,0.064,1.0,0.03305785123966942
0.6767602617947779,25,1,2925,0,117,4,77,0.064,1.0,0.03305785123966942
0.6767602617947779,50,1,5850,0,117,4,77,0.064,1.0,0.03305785123966942
0.7793182022611986,1,1,118,0,118,3,77,0.04838709677419355,1.0,0.024793388429752067
0.7793182022611986,5,1,590,0,118,3,77,0.04838709677419355,1.0,0.024793388429752067
0.7793182022611986,10,1,1180,0,118,3,77,0.04838709677419355,1.0,0.024793388429752067
0.7793182022611986,25,1,2950,0,118,3,77,0.04838709677419355,1.0,0.024793388429752067
0.7793182022611986,50,1,5900,0,118,3,77,0.04838709677419355,1.0,0.024793388429752067
0.7956088318873522,1,1,119,0,119,2,77,0.032520325203252036,1.0,0.01652892561983471
0.7956088318873522,5,1,595,0,119,2,77,0.032520325203252036,1.0,0.01652892561983471
0.7956088318873522,10,1,1190,0,119,2,77,0.032520325203252036,1.0,0.01652892561983471
0.7956088318873522,25,1,2975,0,119,2,77,0.032520325203252036,1.0,0.01652892561983471
0.7956088318873522,50,1,5950,0,119,2,77,0.032520325203252036,1.0,0.01652892561983471
0.844450884685987,1,1,120,0,120,1,77,0.01639344262295082,1.0,0.008264462809917356
0.844450884685987,5,1,600,0,120,1,77,0.01639344262295082,1.0,0.008264462809917356
0.844450884685987,10,1,1200,0,120,1,77,0.01639344262295082,1.0,0.008264462809917356
0.844450884685987,25,1,3000,0,120,1,77,0.01639344262295082,1.0,0.008264462809917356
0.844450884685987,50,1,6000,0,120,1,77,0.01639344262295082,1.0,0.008264462809917356
0.8537406174955923,1,1,120,0,120,1,77,0.01639344262295082,1.0,0.008264462809917356
0.8537406174955923,5,1,600,0,120,1,77,0.01639344262295082,1.0,0.008264462809917356
0.8537406174955923,10,1,1200,0,120,1,77,0.01639344262295082,1.0,0.008264462809917356
0.8537406174955923,25,1,3000,0,120,1,77,0.01639344262295082,1.0,0.008264462809917356
0.8537406174955923,50,1,6000,0,120,1,77,0.01639344262295082,1.0,0.008264462809917356
